,Unnamed: 0,smiles,value,preds
0,3492,COc1ccc(Cl)c(Nc2ncnc3cc(OCCCN4CCCC4)cc(OC(C)C)c23)n1,True,True
1,14,C#Cc1cccc(Nc2nc(C)nc3oc(C)cc23)c1,True,True
2,3577,COc1ccc(Nc2nc(C)nc3oc(C)cc23)cc1,True,True
3,4764,Cc1nc(Nc2ccc(C(F)(F)F)cc2)c2cc(C)oc2n1,True,True
4,4765,Cc1nc(Nc2ccc(Cl)cc2)c2cc(C)oc2n1,True,True
5,4767,Cc1nc(Nc2cccc3[nH]ccc23)c2cc(C)oc2n1,True,True
6,4768,Cc1nc(Nc2cccc3ccccc23)c2cc(C)oc2n1,True,True
7,4769,Cc1nc(Nc2ccccc2)c2cc(C)oc2n1,True,True
8,5447,Nc1nc(Nc2cccc(F)c2)c2c(n1)[nH]c1cccc(Cl)c12,False,True
9,18,C#Cc1cccc(Nc2nccc3nc(-c4ccccc4)cnc23)c1,False,False
10,856,CCNC(=O)Nc1nccc2nc(-c3ccccc3)cnc12,False,False
11,3361,COc1ccc(-c2cnc3c(Nc4ccc(N5CCCCC5)cc4)nccc3n2)cc1,False,False
12,3362,COc1ccc(-c2cnc3c(Nc4ccc(N5CCOCC5)cc4)nccc3n2)cc1,False,False
13,3593,COc1ccc(Nc2nccc3nc(-c4ccccc4)cnc23)cc1,False,False
14,3712,COc1cccc(Nc2nccc3nc(-c4ccccc4)cnc23)c1,False,False
15,3733,COc1ccccc1Nc1nccc2nc(-c3ccccc3)cnc12,False,False
16,6227,c1ccc(-c2cnc3c(Nc4ccc(N5CCCCC5)cc4)nccc3n2)cc1,False,False
17,6228,c1ccc(-c2cnc3c(Nc4ccc(N5CCOCC5)cc4)nccc3n2)cc1,False,False
18,27,C(=C/c1ccccc1)\C(=N\Nc1nncc2ccccc12)c1ccccc1,True,True
19,3409,COc1ccc(/C=C/C(=N/Nc2nncc3ccccc23)c2ccc(Cl)cc2)cc1,True,True
20,4183,Cc1ccc(C(/C=C/c2ccc(F)cc2)=N\Nc2nncc3ccccc23)cc1,True,True
21,4857,Clc1ccc(/C=C/C(=N/Nc2nncc3ccccc23)c2ccccc2)cc1,True,True
22,4858,Clc1ccc(C(/C=C/c2ccccc2)=N\Nc2nncc3ccccc23)cc1,True,True
23,5119,Fc1ccc(/C=C/C(=N/Nc2nncc3ccccc23)c2ccccc2)cc1,True,True
24,5275,NC(=S)NNc1nncc2ccccc12,True,True
25,6067,O=C(O)c1ccc(Nc2nncc3ccccc23)cc1,True,True
26,6183,S=C(NNc1nncc2ccccc12)Nc1ccccc1,True,True
27,38,C/N=C/C(C(=N)CN)c1ccn2c(-c3cccc(NC(=O)NCC(F)(F)F)c3)cnc2c1,True,True
28,253,CC(=O)N1CCC(n2cc(-c3ccn4c(-c5cccc(NC(=O)NCC(F)(F)F)c5)cnc4c3)cn2)CC1,True,True
29,268,CC(=O)N1CCN(c2ccc(-c3ccn4c(-c5cccc(NC(=O)NCC(F)(F)F)c5)cnc4c3)cn2)CC1,True,True
30,308,CC(=O)c1cnc(-c2ccn3c(-c4cccc(NC(=O)NCC(F)(F)F)c4)cnc3c2)nc1,True,True
31,309,CC(=O)c1cnc(-c2ccn3c(-c4cccc(NC(=O)NCC(F)(F)F)c4)cnc3c2)nc1N,True,True
32,315,CC(C)(/N=C/C(C=N)c1ccn2c(-c3cccc(NC(=O)NCC(F)(F)F)c3)cnc2c1)C(N)=O,True,True
33,320,CC(C)(C(=O)N1CCC1)n1cc(-c2ccn3c(-c4cccc(NC(=O)NCC(F)(F)F)c4)cnc3c2)cn1,True,True
34,321,CC(C)(C(=O)NC1CC1)n1cc(-c2ccn3c(-c4cccc(NC(=O)NCC(F)(F)F)c4)cnc3c2)cn1,True,True
35,322,CC(C)(C(=O)O)n1cc(-c2ccn3c(-c4cccc(NC(=O)NCC(F)(F)F)c4)cnc3c2)cn1,True,True
36,345,CC(C)(C)OC(=O)N1CCC(/N=C/C(C=N)c2ccn3c(-c4cncc(NC(=O)NCC(F)(F)F)c4)cnc3c2)CC1,True,True
37,346,CC(C)(C)OC(=O)N1CCCC(n2cc(-c3ccn4c(-c5cccc(NC(=O)NCC(F)(F)F)c5)cnc4c3)cn2)C1,True,True
38,348,CC(C)(C)OC(=O)N1CCc2nc(-c3ccn4c(-c5cccc(NC(=O)NCC(F)(F)F)c5)cnc4c3)sc2C1,True,True
39,350,CC(C)(C)OC(=O)NCC1CCN(c2ccc(-c3ccn4c(-c5cccc(NC(=O)NCC(F)(F)F)c5)cnc4c3)cn2)CC1,True,True
40,401,CC(C)(CO)Nc1ccc(-c2ccn3c(-c4cccc(NC(=O)NCC(F)(F)F)c4)cnc3c2)nn1,True,True
41,403,CC(C)(CO)n1cc(-c2ccn3c(-c4cccc(NC(=O)NCC(F)(F)F)c4)cnc3c2)cn1,True,True
42,415,CC(C)(O)c1ccc(-c2ccn3c(-c4cccc(NC(=O)NCC(F)(F)F)c4)cnc3c2)cc1,True,True
43,417,CC(C)(O)c1cccc(-c2ccn3c(-c4cccc(NC(=O)NCC(F)(F)F)c4)cnc3c2)c1,True,True
44,418,CC(C)(O)c1cnc(-c2ccn3c(-c4cccc(NC(=O)NCC(F)(F)F)c4)cnc3c2)nc1,True,True
45,436,CC(C)N1CC(/N=C/C(C=N)c2ccn3c(-c4cccc(NC(=O)NCC(F)(F)F)c4)cnc3c2)C1,True,True
46,457,CC(C)c1cc(N)nc(-c2ccn3c(-c4cccc(NC(=O)NCC(F)(F)F)c4)cnc3c2)n1,True,True
47,497,CC(C)c1ccnc(-c2ccn3c(-c4cccc(NC(=O)NCC(F)(F)F)c4)cnc3c2)n1,False,True
48,498,CC(C)c1cnc(N)nc1-c1ccn2c(-c3cccc(NC(=O)NCC(F)(F)F)c3)cnc2c1,True,True
49,525,CC(C)n1ccnc1C#Cc1ccn2c(-c3cccc(NC(=O)NCC(F)(F)F)c3)cnc2c1,True,True
50,528,CC(F)(F)c1cnc(-c2ccn3c(-c4cccc(NC(=O)NCC(F)(F)F)c4)cnc3c2)nc1,True,True
51,530,CC(O)C#Cc1ccn2c(-c3cccc(NC(=O)NCC(F)(F)F)c3)cnc2c1,True,True
52,534,CC(O)c1cnc(-c2ccn3c(-c4cccc(NC(=O)NCC(F)(F)F)c4)cnc3c2)nc1,True,True
53,712,CCN(CC)CCNC(=O)C(C)(C)/N=C/C(C=N)c1ccn2c(-c3cccc(NC(=O)NCC(F)(F)F)c3)cnc2c1,True,True
54,782,CCN1CCC(/N=C/C(C=N)c2ccn3c(-c4cccc(NC(=O)NCC(F)(F)F)c4)cnc3c2)C1,True,True
55,842,CCNC(=O)Nc1cccc(-c2cnc3cc(-c4ccc(F)c(C)n4)ccn23)c1,True,True
56,843,CCNC(=O)Nc1cccc(-c2cnc3cc(-c4ncc(C(F)(F)F)c(N)n4)ccn23)c1,True,True
57,844,CCNC(=O)Nc1cccc(-c2cnc3cc(-c4ncc(F)c(N)n4)ccn23)c1,True,True
58,845,CCNC(=O)Nc1cccc(-c2cnc3cc(-c4ncc(OC)cn4)ccn23)c1,True,True
59,846,CCNC(=O)Nc1cccc(-c2cnc3cc(-c4ncccn4)ccn23)c1,False,True
60,847,CCNC(=O)Nc1cccc(-c2cnc3cc(-c4nnc(C(F)(F)F)s4)ccn23)c1,False,True
61,848,CCNC(=O)Nc1cccc(-c2cnc3cc(C#Cc4cncn4C)ccn23)c1,True,True
62,871,CCNc1nc(-c2ccn3c(-c4cccc(NC(=O)NCC(F)(F)F)c4)cnc3c2)ncc1F,False,True
63,872,CCNc1nnc(-c2ccn3c(-c4cccc(NC(=O)NCC(F)(F)F)c4)cnc3c2)s1,True,True
64,882,CCOC(=O)C(C)(C)n1cc(-c2ccn3c(-c4cccc(NC(=O)NCC(F)(F)F)c4)cnc3c2)cn1,True,True
65,919,CCOC(=O)Nc1nc(-c2ccn3c(-c4cccc(NC(=O)NCC(F)(F)F)c4)cnc3c2)ncc1F,True,True
66,948,CCOC(=O)c1cnc(-c2ccn3c(-c4cccc(NC(=O)NCC(F)(F)F)c4)cnc3c2)nc1N,True,True
67,995,CCOc1cccc(-c2ccn3c(-c4cccc(NC(=O)NCC(F)(F)F)c4)cnc3c2)n1,True,True
68,1000,CCOc1cnc(-c2ccn3c(-c4cccc(NC(=O)NCC(F)(F)F)c4)cnc3c2)nc1,True,True
69,1114,CN(C)C(=O)C(C)(C)/N=C/C(C=N)c1ccn2c(-c3cccc(NC(=O)NCC(F)(F)F)c3)cnc2c1,True,True
70,1120,CN(C)C1CCN(c2ccc(-c3ccn4c(-c5cccc(NC(=O)NCC(F)(F)F)c5)cnc4c3)nn2)CC1,True,True
71,1122,CN(C)CC#Cc1ccn2c(-c3cccc(NC(=O)NCC(F)(F)F)c3)cnc2c1,True,True
72,1136,CN(C)CCCOc1ccc(-c2ccn3c(-c4cccc(NC(=O)NCC(F)(F)F)c4)cnc3c2)cn1,True,True
73,1155,CN(C)Cc1cnc(-c2ccn3c(-c4cccc(NC(=O)NCC(F)(F)F)c4)cnc3c2)nc1N,True,True
74,1156,CN(C)S(=O)(=O)NCC1CCN(c2ccc(-c3ccn4c(-c5cccc(NC(=O)NCC(F)(F)F)c5)cnc4c3)cn2)CC1,True,True
75,1160,CN(C)S(=O)(=O)n1ccnc1-c1ccnc(-c2ccn3c(-c4cccc(NC(=O)NCC(F)(F)F)c4)cnc3c2)n1,True,True
76,1167,CN(C)c1cc(-c2ccn3c(-c4cccc(NC(=O)NCC(F)(F)F)c4)cnc3c2)nc(C(F)(F)F)n1,True,True
77,1169,CN(C)c1ccc(-c2ccn3c(-c4cccc(NC(=O)NCC(F)(F)F)c4)cnc3c2)nn1,True,True
78,1176,CN(C)c1ccnc(-c2ccn3c(-c4cccc(NC(=O)NCC(F)(F)F)c4)cnc3c2)n1,True,True
79,1177,CN(C)c1nc(-c2ccn3c(-c4cccc(NC(=O)NCC(F)(F)F)c4)cnc3c2)ncc1F,True,True
80,1214,CN1CC(n2cc(-c3ccn4c(-c5cccc(NC(=O)NCC(F)(F)F)c5)cnc4c3)cn2)C1,True,True
81,1229,CN1CCC(Nc2ccc(-c3ccn4c(-c5cccc(NC(=O)NCC(F)(F)F)c5)cnc4c3)nn2)CC1,True,True
82,1232,CN1CCC(O)(C#Cc2ccn3c(-c4cccc(NC(=O)NCC(F)(F)F)c4)cnc3c2)CC1,True,True
83,1240,CN1CCC(n2cc(-c3ccn4c(-c5cccc(NC(=O)NCC(F)(F)F)c5)cnc4c3)cn2)CC1,True,True
84,1241,CN1CCCC(/N=C/C(C=N)c2ccn3c(-c4cccc(NC(=O)NCC(F)(F)F)c4)cnc3c2)C1,True,True
85,1363,CN1CCN(c2ccc(-c3ccn4c(-c5cccc(NC(=O)NCC(F)(F)F)c5)cnc4c3)nn2)CC1,True,True
86,1409,CN1CCN(c2ncc(-c3ccn4c(-c5cccc(NC(=O)NCC(F)(F)F)c5)cnc4c3)cn2)CC1,True,True
87,1415,CNC(=O)C(C)(C)/N=C/C(C=N)c1ccn2c(-c3cccc(NC(=O)NCC(F)(F)F)c3)cnc2c1,True,True
88,1441,CNC(=O)c1cc(C)nc(-c2ccn3c(-c4cccc(NC(=O)NCC(F)(F)F)c4)cnc3c2)n1,True,True
89,1495,CNC(=O)c1ccc(-c2ccn3c(-c4cccc(NC(=O)NCC(F)(F)F)c4)cnc3c2)nc1,True,True
90,1533,CNC(=O)c1ccnc(-c2ccn3c(-c4cccc(NC(=O)NCC(F)(F)F)c4)cnc3c2)n1,True,True
91,1576,CNc1cc(-c2ccn3c(-c4cccc(NC(=O)NCC(F)(F)F)c4)cnc3c2)nc(SC)n1,True,True
92,1577,CNc1cc(-c2ccn3c(-c4cccc(NC(=O)NCC(F)(F)F)c4)cnc3c2)ncn1,True,True
93,1606,CNc1ccc(-c2ccn3c(-c4cccc(NC(=O)NCC(F)(F)F)c4)cnc3c2)nn1,True,True
94,1612,CNc1nc(-c2ccn3c(-c4cccc(NC(=O)NCC(F)(F)F)c4)cnc3c2)ncc1N,True,True
95,1613,CNc1ncc(-c2ccn3c(-c4cccc(NC(=O)NCC(F)(F)F)c4)cnc3c2)cc1C,True,True
96,1851,COC(=O)c1cnc(-c2ccn3c(-c4cccc(NC(=O)NCC(F)(F)F)c4)cnc3c2)nc1,True,True
97,1909,COCCNc1ccc(-c2ccn3c(-c4cccc(NC(=O)NCC(F)(F)F)c4)cnc3c2)nn1,True,True
98,1910,COCCNc1nnc(-c2ccn3c(-c4cccc(NC(=O)NCC(F)(F)F)c4)cnc3c2)s1,True,True
99,2004,COCCc1nnc(-c2ccn3c(-c4cccc(NC(=O)NCC(F)(F)F)c4)cnc3c2)s1,True,True
100,2021,COCc1cc(N)nc(-c2ccn3c(-c4cccc(NC(=O)NCC(F)(F)F)c4)cnc3c2)n1,True,True
101,2084,COc1cc(-c2ccn3c(-c4cccc(NC(=O)NCC(F)(F)F)c4)cnc3c2)ncn1,True,True
102,2157,COc1cc(NC(=O)NCC(F)(F)F)cc(-c2cnc3cc(-c4ccnc(C(F)(F)F)n4)ccn23)c1,True,True
103,2158,COc1cc(NC(=O)NCC(F)(F)F)cc(-c2cnc3cc(-c4ncc(F)c(N)n4)ccn23)c1,False,True
104,2606,COc1cc(OC)nc(-c2ccn3c(-c4cccc(NC(=O)NCC(F)(F)F)c4)cnc3c2)n1,False,True
105,3353,COc1ccc(-c2ccn3c(-c4cccc(NC(=O)NCC(F)(F)F)c4)cnc3c2)nc1,True,True
106,3354,COc1ccc(-c2ccn3c(-c4cccc(NC(=O)NCC(F)(F)F)c4)cnc3c2)nn1,True,True
107,3667,COc1cccc(-c2ccn3c(-c4cccc(NC(=O)NCC(F)(F)F)c4)cnc3c2)n1,True,True
108,3738,COc1ccnc(-c2ccn3c(-c4cccc(NC(=O)NCC(F)(F)F)c4)cnc3c2)n1,True,True
109,3742,COc1cnc(-c2ccn3c(-c4cccc(NC(=O)NCC(F)(F)F)c4)cnc3c2)cn1,True,True
110,3743,COc1cnc(-c2ccn3c(-c4cccc(NC(=O)NCC(F)(F)F)c4)cnc3c2)nc1,True,True
111,3744,COc1cnc(-c2ccn3c(-c4cccc(NC(=O)NCC(F)(F)F)c4)cnc3c2)nc1N,True,True
112,3748,COc1cnc(Cl)nc1-c1ccn2c(-c3cccc(NC(=O)NCC(F)(F)F)c3)cnc2c1,True,True
113,3750,COc1cncc(-c2ccn3c(-c4cccc(NC(=O)NCC(F)(F)F)c4)cnc3c2)n1,True,True
114,3751,COc1cncnc1-c1ccn2c(-c3cccc(NC(=O)NCC(F)(F)F)c3)cnc2c1,True,True
115,3753,COc1ncc(-c2ccn3c(-c4cccc(NC(=O)NCC(F)(F)F)c4)cnc3c2)cc1C,True,True
116,3755,COc1nccc(-c2ccn3c(-c4cccc(NC(=O)NCC(F)(F)F)c4)cnc3c2)n1,True,True
117,3756,COc1ncccc1-c1ccn2c(-c3cccc(NC(=O)NCC(F)(F)F)c3)cnc2c1,True,True
118,3798,CS(=O)(=O)N1CCC(/N=C/C(C=N)c2ccn3c(-c4cccc(NC(=O)NCC(F)(F)F)c4)cnc3c2)CC1,True,True
119,3803,CS(=O)(=O)Nc1nc(-c2ccn3c(-c4cccc(NC(=O)NCC(F)(F)F)c4)cnc3c2)ncc1F,False,True
120,3817,CSc1nc(N)cc(-c2ccn3c(-c4cccc(NC(=O)NCC(F)(F)F)c4)cnc3c2)n1,True,True
121,3985,Cc1cc(-c2ccn3c(-c4cccc(NC(=O)NCC(F)(F)F)c4)cnc3c2)cnc1N(C)C(=O)OC(C)(C)C,True,True
122,3986,Cc1cc(-c2ccn3c(-c4cccc(NC(=O)NCC(F)(F)F)c4)cnc3c2)nc(C(C)C)n1,True,True
123,3987,Cc1cc(-c2ccn3c(-c4cccc(NC(=O)NCC(F)(F)F)c4)cnc3c2)nc(C(F)(F)F)n1,True,True
124,3988,Cc1cc(-c2ccn3c(-c4cccc(NC(=O)NCC(F)(F)F)c4)cnc3c2)nnc1Cl,True,True
125,3998,Cc1cc(=O)n2nc(-c3ccn4c(-c5cccc(NC(=O)NCC(F)(F)F)c5)cnc4c3)sc2n1,True,True
126,4045,Cc1cc(C)nc(-c2ccn3c(-c4cccc(NC(=O)NCC(F)(F)F)c4)cnc3c2)c1,True,True
127,4063,Cc1cc(Cl)nnc1-c1ccn2c(-c3cccc(NC(=O)NCC(F)(F)F)c3)cnc2c1,True,True
128,4066,Cc1cc(N)nc(-c2ccn3c(-c4cccc(NC(=O)NCC(F)(F)F)c4)cnc3c2)n1,True,True
129,4146,Cc1cc2ncc(-c3cccc(NC(=O)NCC(F)(F)F)c3)n2cc1C,False,True
130,4151,Cc1ccc(-c2ccn3c(-c4cccc(NC(=O)NCC(F)(F)F)c4)cnc3c2)nc1,True,True
131,4152,Cc1ccc(-c2ccn3c(-c4cncc(NC(=O)NCC(F)(F)F)c4)cnc3c2)nn1,True,True
132,4344,Cc1ccc(NC(=O)NCC(F)(F)F)cc1-c1cnc2cc(-c3ncc(F)c(N)n3)ccn12,False,True
133,4433,Cc1cccc(-c2ccn3c(-c4cccc(NC(=O)NCC(F)(F)F)c4)cnc3c2)n1,True,True
134,4652,Cc1cccnc1-c1ccn2c(-c3cccc(NC(=O)NCC(F)(F)F)c3)cnc2c1,True,True
135,4655,Cc1ccnc(-c2ccn3c(-c4cccc(NC(=O)NCC(F)(F)F)c4)cnc3c2)c1,True,True
136,4656,Cc1ccnc(-c2ccn3c(-c4cccc(NC(=O)NCC(F)(F)F)c4)cnc3c2)n1,True,True
137,4676,Cc1cn2nc(-c3ccn4c(-c5cc(NC(=O)NCC(F)(F)F)cc(OC(C)C)c5)cnc4c3)sc2n1,True,True
138,4677,Cc1cn2nc(-c3ccn4c(-c5cccc(NC(=O)NCC(F)(F)F)c5)cnc4c3)sc2n1,True,True
139,4678,Cc1cnc(-c2ccn3c(-c4cccc(NC(=O)NCC(F)(F)F)c4)cnc3c2)cn1,True,True
140,4679,Cc1cnc(-c2ccn3c(-c4cccc(NC(=O)NCC(F)(F)F)c4)cnc3c2)nc1,True,True
141,4680,Cc1cnc(-c2ccn3c(-c4cccc(NC(=O)NCC(F)(F)F)c4)cnc3c2)nc1N,True,True
142,4681,Cc1cnc(-c2ccn3c(-c4cccc(NC(=O)NCC(F)(F)F)c4)cnc3c2)nc1N(C)C,True,True
143,4683,Cc1cnc(N)nc1-c1ccn2c(-c3cccc(NC(=O)NCC(F)(F)F)c3)cnc2c1,True,True
144,4686,Cc1cncc(-c2ccn3c(-c4cccc(NC(=O)NCC(F)(F)F)c4)cnc3c2)n1,True,True
145,4687,Cc1cnnc(-c2ccn3c(-c4cccc(NC(=O)NCC(F)(F)F)c4)cnc3c2)c1,True,True
146,4688,Cc1cnnc(-c2ccn3c(-c4cccc(NC(=O)NCC(F)(F)F)c4)cnc3c2)n1,True,True
147,4739,Cc1nc(-c2ccn3c(-c4cccc(NC(=O)NCC(F)(F)F)c4)cnc3c2)cc(N(C)C)n1,True,True
148,4740,Cc1nc(-c2ccn3c(-c4cccc(NC(=O)NCC(F)(F)F)c4)cnc3c2)cc(N2CCN(CCO)CC2)n1,True,True
149,4741,Cc1nc(-c2ccn3c(-c4cccc(NC(=O)NCC(F)(F)F)c4)cnc3c2)ccc1F,True,True
150,4747,Cc1nc(N)cc(-c2ccn3c(-c4cccc(NC(=O)NCC(F)(F)F)c4)cnc3c2)n1,True,True
151,4777,Cc1nc2cc(-c3ccn4c(-c5cccc(NC(=O)NCC(F)(F)F)c5)cnc4c3)ccc2s1,True,True
152,4788,Cc1ncc(C#Cc2ccn3c(-c4cccc(NC(=O)NCC(F)(F)F)c4)cnc3c2)n1C,True,True
153,4790,Cc1nccc(-c2ccn3c(-c4cccc(NC(=O)NCC(F)(F)F)c4)cnc3c2)n1,True,True
154,4791,Cc1nccn1-c1ccn2c(-c3cccc(NC(=O)NCC(F)(F)F)c3)cnc2c1,False,True
155,4812,Cc1nnc(-c2ccn3c(-c4cccc(NC(=O)NCC(F)(F)F)c4)cnc3c2)nc1C,True,True
156,4813,Cc1nnc(-c2ccn3c(-c4cccc(NC(N)=O)c4)cnc3c2)o1,True,True
157,4897,Cn1c(CO)cnc1C#Cc1ccn2c(-c3cccc(NC(=O)NCC(F)(F)F)c3)cnc2c1,True,True
158,4949,Cn1cc(C#Cc2ccn3c(-c4cccc(NC(=O)NCC(F)(F)F)c4)cnc3c2)cn1,True,True
159,4984,Cn1ccc(C#Cc2ccn3c(-c4cccc(NC(=O)NCC(F)(F)F)c4)cnc3c2)n1,True,True
160,5022,Cn1ccnc1/C=C/c1ccn2c(-c3cccc(NC(=O)NCC(F)(F)F)c3)cnc2c1,True,True
161,5023,Cn1ccnc1C#Cc1ccn2c(-c3cccc(NC(=O)NCC(F)(F)F)c3)cnc2c1,True,True
162,5047,Cn1cncc1/C=C/c1ccn2c(-c3cccc(NC(=O)NCC(F)(F)F)c3)cnc2c1,True,True
163,5048,Cn1cncc1C#Cc1ccn2c(-c3cc(NC(=O)NCC(F)(F)F)ccc3F)cnc2c1,True,True
164,5050,Cn1cncc1C#Cc1ccn2c(-c3cccc(NC(=O)NCC(F)(F)F)c3)cnc2c1,True,True
165,5052,Cn1cncc1C#Cc1ccn2c(-c3cncc(NC(=O)NCC(F)(F)F)c3)cnc2c1,False,True
166,5053,Cn1cncc1CCc1ccn2c(-c3cccc(NC(=O)NCC(F)(F)F)c3)cnc2c1,True,True
167,5054,Cn1nc(-c2ccn3c(-c4cccc(NC(=O)NCC(F)(F)F)c4)cnc3c2)ccc1=O,True,True
168,5145,N#CCc1cc(NC(=O)NCC(F)(F)F)cc(-c2cnc3cc(-c4ccnc(C(F)(F)F)n4)ccn23)c1,False,True
169,5156,N#Cc1cc(NC(=O)NCC(F)(F)F)cc(-c2cnc3cc(-c4ccnc(C(F)(F)F)n4)ccn23)c1,True,True
170,5158,N#Cc1ccc(-c2ccn3c(-c4cccc(NC(=O)NCC(F)(F)F)c4)cnc3c2)nn1,True,True
171,5176,N#Cc1ccnc(-c2ccn3c(-c4cccc(NC(=O)NCC(F)(F)F)c4)cnc3c2)n1,True,True
172,5209,N=C(/C=C/CN)c1ccn2c(-c3cccc(NC(=O)NCC(F)(F)F)c3)cnc2c1,True,True
173,5210,N=C(C/C=C(\N)c1ccn2c(-c3cccc(NC(=O)NCC(F)(F)F)c3)cnc2c1)N1CCNCC1,True,True
174,5211,N=C(C/C=C(\N)c1ccn2c(-c3cccc(NC(=O)NCC(F)(F)F)c3)cnc2c1)N1CCOCC1,True,True
175,5217,NC(=O)Nc1cccc(-c2cnc3cc(-c4ccc(F)cc4)ccn23)c1,True,True
176,5218,NC(=O)Nc1cccc(-c2cnc3cc(-c4ncc(F)c(N)n4)ccn23)c1,True,True
177,5219,NC(=O)Nc1cccc(-c2cnc3cc(-c4ncccn4)ccn23)c1,True,True
178,5221,NC(=O)Nc1cccc(-c2cnc3cc(Cl)ccn23)c1,False,True
179,5253,NC(=O)c1ccc(-c2ccn3c(-c4cccc(NC(=O)NCC(F)(F)F)c4)cnc3c2)nc1,True,True
180,5270,NC(=O)c1ccnc(-c2ccn3c(-c4cccc(NC(=O)NCC(F)(F)F)c4)cnc3c2)c1,True,True
181,5271,NC(=O)c1ccnc(-c2ccn3c(-c4cccc(NC(=O)NCC(F)(F)F)c4)cnc3c2)n1,True,True
182,5272,NC(=O)c1sccc1-c1ccn2c(-c3cccc(NC(=O)NCC(F)(F)F)c3)cnc2c1,True,True
183,5279,NC1CCN(c2ccc(-c3ccn4c(-c5cccc(NC(=O)NCC(F)(F)F)c5)cnc4c3)cn2)CC1,True,True
184,5280,NC1CCN(c2ccc(-c3ccn4c(-c5cccc(NC(=O)NCC(F)(F)F)c5)cnc4c3)nn2)CC1,True,True
185,5281,NC1CN(c2ccnc(-c3ccn4c(-c5cccc(NC(=O)NCC(F)(F)F)c5)cnc4c3)n2)C1,True,True
186,5282,NCC1CCN(c2ccc(-c3ccn4c(-c5cccc(NC(=O)NCC(F)(F)F)c5)cnc4c3)cn2)CC1,True,True
187,5283,NCCNc1nc(-c2ccn3c(-c4cccc(NC(=O)NCC(F)(F)F)c4)cnc3c2)ncc1F,True,True
188,5317,Nc1cc(-c2ccn3c(-c4cccc(NC(=O)NCC(F)(F)F)c4)cnc3c2)ncc1C(F)(F)F,True,True
189,5318,Nc1cc(C(F)(F)F)nc(-c2ccn3c(-c4cccc(NC(=O)NCC(F)(F)F)c4)cnc3c2)n1,True,True
190,5322,Nc1ccc(-c2ccn3c(-c4cccc(NC(=O)NCC(F)(F)F)c4)cnc3c2)nc1,True,True
191,5328,Nc1cccc(-c2ccn3c(-c4cccc(NC(=O)NCC(F)(F)F)c4)cnc3c2)n1,True,True
192,5332,Nc1cccnc1-c1ccn2c(-c3cccc(NC(=O)NCC(F)(F)F)c3)cnc2c1,False,True
193,5333,Nc1ccn2c(-c3cccc(NC(=O)NCC(F)(F)F)c3)cnc2c1,False,True
194,5334,Nc1ccnc(-c2ccn3c(-c4cccc(NC(=O)NCC(F)(F)F)c4)cnc3c2)c1,True,True
195,5335,Nc1ccnc(-c2ccn3c(-c4cccc(NC(=O)NCC(F)(F)F)c4)cnc3c2)n1,True,True
196,5336,Nc1cnc(-c2ccn3c(-c4cccc(NC(=O)NCC(F)(F)F)c4)cnc3c2)cn1,True,True
197,5337,Nc1cnc(-c2ccn3c(-c4cccc(NC(=O)NCC(F)(F)F)c4)cnc3c2)nc1,True,True
198,5338,Nc1cnc(-c2ccn3c(-c4cccc(NC(=O)NCC(F)(F)F)c4)cnc3c2)nc1Cl,False,True
199,5339,Nc1cnc(-c2ccn3c(-c4cccc(NC(=O)NCC(F)(F)F)c4)cnc3c2)nc1N,True,True
200,5412,Nc1nc(-c2ccn3c(-c4cc(Cl)cc(NC(=O)NCC(F)(F)F)c4)cnc3c2)ncc1F,True,True
201,5413,Nc1nc(-c2ccn3c(-c4cc(F)cc(NC(=O)NCC(F)(F)F)c4)cnc3c2)ncc1F,True,True
202,5414,Nc1nc(-c2ccn3c(-c4cc(NC(=O)NCC(F)(F)F)cc(OC5CCCC5)c4)cnc3c2)ncc1F,False,True
203,5415,Nc1nc(-c2ccn3c(-c4cccc(NC(=O)NC5CC5)c4)cnc3c2)ncc1F,True,True
204,5416,Nc1nc(-c2ccn3c(-c4cccc(NC(=O)NCC(F)(F)F)c4)cnc3c2)ccc1C(F)(F)F,True,True
205,5417,Nc1nc(-c2ccn3c(-c4cccc(NC(=O)NCC(F)(F)F)c4)cnc3c2)ncc1C(=O)O,True,True
206,5418,Nc1nc(-c2ccn3c(-c4cccc(NC(=O)NCC(F)(F)F)c4)cnc3c2)ncc1C(F)(F)F,True,True
207,5419,Nc1nc(-c2ccn3c(-c4cccc(NC(=O)NCC(F)(F)F)c4)cnc3c2)ncc1CN1CCC1,True,True
208,5420,Nc1nc(-c2ccn3c(-c4cccc(NC(=O)NCC(F)(F)F)c4)cnc3c2)ncc1CO,True,True
209,5421,Nc1nc(-c2ccn3c(-c4cccc(NC(=O)NCC(F)(F)F)c4)cnc3c2)ncc1F,True,True
210,5422,Nc1nc(-c2ccn3c(-c4cccc(NC(=O)NCC(F)(F)F)c4)cnc3c2)ncc1OCCO,True,True
211,5423,Nc1nc(-c2ccn3c(-c4cncc(NC(=O)NCC(F)(F)F)c4)cnc3c2)ncc1F,True,True
212,5473,Nc1ncc(C(F)(F)F)c(-c2ccn3c(-c4cccc(NC(=O)NCC(F)(F)F)c4)cnc3c2)n1,False,True
213,5527,Nc1nccnc1-c1ccn2c(-c3cccc(NC(=O)NCC(F)(F)F)c3)cnc2c1,False,True
214,5571,Nc1nnc(-c2ccn3c(-c4cccc(NC(=O)NCC(F)(F)F)c4)cnc3c2)s1,True,True
215,5669,O=C(NCC(F)(F)F)Nc1cc(-c2cnc3cc(-c4ccnc(C(F)(F)F)n4)ccn23)cc(C(F)(F)F)c1,False,True
216,5670,O=C(NCC(F)(F)F)Nc1cc(-c2cnc3cc(-c4ncccn4)ccn23)cc(C(F)(F)F)c1,False,True
217,5671,O=C(NCC(F)(F)F)Nc1cc(Br)cc(-c2cnc3cc(-c4ccnc(C(F)(F)F)n4)ccn23)c1,True,True
218,5672,O=C(NCC(F)(F)F)Nc1cc(CO)cc(-c2cnc3cc(-c4ccnc(C(F)(F)F)n4)ccn23)c1,True,True
219,5673,O=C(NCC(F)(F)F)Nc1cc(Cl)cc(-c2cnc3cc(-c4ccnc(C(F)(F)F)n4)ccn23)c1,True,True
220,5674,O=C(NCC(F)(F)F)Nc1cc(Cl)cc(-c2cnc3cc(-c4ncccn4)ccn23)c1,True,True
221,5675,O=C(NCC(F)(F)F)Nc1cc(F)cc(-c2cnc3cc(-c4ccnc(C(F)(F)F)n4)ccn23)c1,True,True
222,5676,O=C(NCC(F)(F)F)Nc1cc(F)cc(-c2cnc3cc(-c4ncccn4)ccn23)c1,True,True
223,5677,O=C(NCC(F)(F)F)Nc1cc(O)cc(-c2cnc3cc(-c4ccnc(C(F)(F)F)n4)ccn23)c1,True,True
224,5678,O=C(NCC(F)(F)F)Nc1cccc(-c2cnc3cc(-c4c[nH]c(=O)cn4)ccn23)c1,True,True
225,5679,O=C(NCC(F)(F)F)Nc1cccc(-c2cnc3cc(-c4cc(=O)[nH]cn4)ccn23)c1,True,True
226,5680,O=C(NCC(F)(F)F)Nc1cccc(-c2cnc3cc(-c4cc(C(F)(F)F)ncn4)ccn23)c1,True,True
227,5681,O=C(NCC(F)(F)F)Nc1cccc(-c2cnc3cc(-c4cc(F)ccn4)ccn23)c1,True,True
228,5682,O=C(NCC(F)(F)F)Nc1cccc(-c2cnc3cc(-c4ccc(=O)[nH]n4)ccn23)c1,True,True
229,5683,O=C(NCC(F)(F)F)Nc1cccc(-c2cnc3cc(-c4ccc(=O)n(CCO)n4)ccn23)c1,True,True
230,5684,O=C(NCC(F)(F)F)Nc1cccc(-c2cnc3cc(-c4ccc(CCO)cc4)ccn23)c1,True,True
231,5685,O=C(NCC(F)(F)F)Nc1cccc(-c2cnc3cc(-c4ccc(CCO)cn4)ccn23)c1,True,True
232,5686,O=C(NCC(F)(F)F)Nc1cccc(-c2cnc3cc(-c4ccc(CO)cn4)ccn23)c1,True,True
233,5687,O=C(NCC(F)(F)F)Nc1cccc(-c2cnc3cc(-c4ccc(Cl)nn4)ccn23)c1,True,True
234,5688,O=C(NCC(F)(F)F)Nc1cccc(-c2cnc3cc(-c4ccc(F)cn4)ccn23)c1,True,True
235,5689,O=C(NCC(F)(F)F)Nc1cccc(-c2cnc3cc(-c4ccc(N5CCC5)nn4)ccn23)c1,True,True
236,5690,O=C(NCC(F)(F)F)Nc1cccc(-c2cnc3cc(-c4ccc(N5CCCC(O)C5)nn4)ccn23)c1,True,True
237,5691,O=C(NCC(F)(F)F)Nc1cccc(-c2cnc3cc(-c4ccc(N5CCCCC5)nc4)ccn23)c1,True,True
238,5692,O=C(NCC(F)(F)F)Nc1cccc(-c2cnc3cc(-c4ccc(N5CCCCC5)nn4)ccn23)c1,True,True
239,5693,O=C(NCC(F)(F)F)Nc1cccc(-c2cnc3cc(-c4ccc(NC5CCOCC5)nn4)ccn23)c1,True,True
240,5694,O=C(NCC(F)(F)F)Nc1cccc(-c2cnc3cc(-c4ccc(NCCO)nn4)ccn23)c1,True,True
241,5695,O=C(NCC(F)(F)F)Nc1cccc(-c2cnc3cc(-c4ccc(O)cn4)ccn23)c1,True,True
242,5696,O=C(NCC(F)(F)F)Nc1cccc(-c2cnc3cc(-c4ccc(OC5CCCNC5)nn4)ccn23)c1,True,True
243,5697,O=C(NCC(F)(F)F)Nc1cccc(-c2cnc3cc(-c4ccc(OC5CCNCC5)nn4)ccn23)c1,True,True
244,5698,O=C(NCC(F)(F)F)Nc1cccc(-c2cnc3cc(-c4cccc(CCO)c4)ccn23)c1,True,True
245,5699,O=C(NCC(F)(F)F)Nc1cccc(-c2cnc3cc(-c4ccccn4)ccn23)c1,True,True
246,5700,O=C(NCC(F)(F)F)Nc1cccc(-c2cnc3cc(-c4cccnc4)ccn23)c1,True,True
247,5701,O=C(NCC(F)(F)F)Nc1cccc(-c2cnc3cc(-c4ccnc(-n5ccnc5)n4)ccn23)c1,False,True
248,5702,O=C(NCC(F)(F)F)Nc1cccc(-c2cnc3cc(-c4ccnc(C(F)(F)F)n4)ccn23)c1,True,True
249,5703,O=C(NCC(F)(F)F)Nc1cccc(-c2cnc3cc(-c4ccncc4)ccn23)c1,True,True
250,5704,O=C(NCC(F)(F)F)Nc1cccc(-c2cnc3cc(-c4ccncn4)ccn23)c1,True,True
251,5705,O=C(NCC(F)(F)F)Nc1cccc(-c2cnc3cc(-c4ccnnc4)ccn23)c1,True,True
252,5706,O=C(NCC(F)(F)F)Nc1cccc(-c2cnc3cc(-c4cnc(C(F)(F)F)nc4)ccn23)c1,True,True
253,5707,O=C(NCC(F)(F)F)Nc1cccc(-c2cnc3cc(-c4cnc(N5CC(F)(F)C5)nc4)ccn23)c1,True,True
254,5708,O=C(NCC(F)(F)F)Nc1cccc(-c2cnc3cc(-c4cnccn4)ccn23)c1,True,True
255,5709,O=C(NCC(F)(F)F)Nc1cccc(-c2cnc3cc(-c4cncnc4)ccn23)c1,True,True
256,5710,O=C(NCC(F)(F)F)Nc1cccc(-c2cnc3cc(-c4cnn(C5CCCNC5)c4)ccn23)c1,True,True
257,5711,O=C(NCC(F)(F)F)Nc1cccc(-c2cnc3cc(-c4cnn(C5CCNC5)c4)ccn23)c1,True,True
258,5712,O=C(NCC(F)(F)F)Nc1cccc(-c2cnc3cc(-c4cnn(C5CCNCC5)c4)ccn23)c1,True,True
259,5713,O=C(NCC(F)(F)F)Nc1cccc(-c2cnc3cc(-c4cnn(C5CCOC5)c4)ccn23)c1,True,True
260,5714,O=C(NCC(F)(F)F)Nc1cccc(-c2cnc3cc(-c4cnn(C5CN(CCO)C5)c4)ccn23)c1,False,True
261,5715,O=C(NCC(F)(F)F)Nc1cccc(-c2cnc3cc(-c4cnn(C5CNC5)c4)ccn23)c1,True,True
262,5716,O=C(NCC(F)(F)F)Nc1cccc(-c2cnc3cc(-c4nc(NC5CCC5)ncc4C(F)(F)F)ccn23)c1,False,True
263,5717,O=C(NCC(F)(F)F)Nc1cccc(-c2cnc3cc(-c4nc5c(s4)CCC5)ccn23)c1,True,True
264,5718,O=C(NCC(F)(F)F)Nc1cccc(-c2cnc3cc(-c4nc5c(s4)CNCC5)ccn23)c1,True,True
265,5719,O=C(NCC(F)(F)F)Nc1cccc(-c2cnc3cc(-c4ncc(C(=O)O)cn4)ccn23)c1,True,True
266,5720,O=C(NCC(F)(F)F)Nc1cccc(-c2cnc3cc(-c4ncc(C(F)(F)F)c(NC5CCC5)n4)ccn23)c1,False,True
267,5721,O=C(NCC(F)(F)F)Nc1cccc(-c2cnc3cc(-c4ncc(C(F)(F)F)cn4)ccn23)c1,True,True
268,5722,O=C(NCC(F)(F)F)Nc1cccc(-c2cnc3cc(-c4ncc(CO)cn4)ccn23)c1,True,True
269,5723,O=C(NCC(F)(F)F)Nc1cccc(-c2cnc3cc(-c4ncc(F)c(NC5CC5)n4)ccn23)c1,False,True
270,5724,O=C(NCC(F)(F)F)Nc1cccc(-c2cnc3cc(-c4ncc(F)c(NCCO)n4)ccn23)c1,True,True
271,5725,O=C(NCC(F)(F)F)Nc1cccc(-c2cnc3cc(-c4ncc(F)cn4)ccn23)c1,True,True
272,5726,O=C(NCC(F)(F)F)Nc1cccc(-c2cnc3cc(-c4nccc(-n5ccnc5)n4)ccn23)c1,True,True
273,5727,O=C(NCC(F)(F)F)Nc1cccc(-c2cnc3cc(-c4nccc(C(=O)N5CCOCC5)n4)ccn23)c1,True,True
274,5728,O=C(NCC(F)(F)F)Nc1cccc(-c2cnc3cc(-c4nccc(C(F)(F)F)n4)ccn23)c1,False,True
275,5729,O=C(NCC(F)(F)F)Nc1cccc(-c2cnc3cc(-c4nccc(N5CC(O)C5)n4)ccn23)c1,True,True
276,5730,O=C(NCC(F)(F)F)Nc1cccc(-c2cnc3cc(-c4nccc(N5CCC(O)CC5)n4)ccn23)c1,True,True
277,5731,O=C(NCC(F)(F)F)Nc1cccc(-c2cnc3cc(-c4nccc(N5CCC5)n4)ccn23)c1,True,True
278,5732,O=C(NCC(F)(F)F)Nc1cccc(-c2cnc3cc(-c4nccc(N5CCN(CCO)CC5)n4)ccn23)c1,True,True
279,5733,O=C(NCC(F)(F)F)Nc1cccc(-c2cnc3cc(-c4nccc(N5CCNCC5)n4)ccn23)c1,True,True
280,5734,O=C(NCC(F)(F)F)Nc1cccc(-c2cnc3cc(-c4nccc(O)n4)ccn23)c1,False,True
281,5735,O=C(NCC(F)(F)F)Nc1cccc(-c2cnc3cc(-c4ncccn4)ccn23)c1,True,True
282,5736,O=C(NCC(F)(F)F)Nc1cccc(-c2cnc3cc(-c4nccnn4)ccn23)c1,True,True
283,5737,O=C(NCC(F)(F)F)Nc1cccc(-c2cnc3cc(-c4nnc(C(F)(F)F)s4)ccn23)c1,True,True
284,5738,O=C(NCC(F)(F)F)Nc1cccc(-c2cnc3cc(-c4nnc(C5CCCO5)s4)ccn23)c1,True,True
285,5739,O=C(NCC(F)(F)F)Nc1cccc(-c2cnc3cc(-c4nnc(CCN5CCCC5)s4)ccn23)c1,True,True
286,5740,O=C(NCC(F)(F)F)Nc1cccc(-c2cnc3cc(-c4nnc(CCN5CCCCC5)s4)ccn23)c1,True,True
287,5741,O=C(NCC(F)(F)F)Nc1cccc(-c2cnc3cc(-c4nnc(CCO)s4)ccn23)c1,True,True
288,5742,O=C(NCC(F)(F)F)Nc1cccc(-c2cnc3cc(-c4nnc(NC5CC5)s4)ccn23)c1,True,True
289,5743,O=C(NCC(F)(F)F)Nc1cccc(-c2cnc3cc(/C=C/CO)ccn23)c1,True,True
290,5744,O=C(NCC(F)(F)F)Nc1cccc(-c2cnc3cc(/C=C/c4ccccn4)ccn23)c1,True,True
291,5745,O=C(NCC(F)(F)F)Nc1cccc(-c2cnc3cc(C#CCCO)ccn23)c1,True,True
292,5746,O=C(NCC(F)(F)F)Nc1cccc(-c2cnc3cc(C#CCO)ccn23)c1,True,True
293,5747,O=C(NCC(F)(F)F)Nc1cccc(-c2cnc3cc(C#Cc4cccnc4)ccn23)c1,True,True
294,5748,O=C(NCC(F)(F)F)Nc1cccc(-c2cnc3cc(C#Cc4ccsc4)ccn23)c1,True,True
295,5749,O=C(NCC(F)(F)F)Nc1cccc(-c2cnc3cc(C#Cc4nccn4CCO)ccn23)c1,True,True
296,5750,O=C(NCC(F)(F)F)Nc1cncc(-c2cnc3cc(-c4cccnn4)ccn23)c1,True,True
297,5751,O=C(NCC(F)(F)F)Nc1cncc(-c2cnc3cc(-c4cnn(C5CCNCC5)c4)ccn23)c1,True,True
298,5752,O=C(NCC(F)(F)F)Nc1cncc(-c2cnc3cc(-c4cnn(C5CNC5)c4)ccn23)c1,True,True
299,5753,O=C(NCC(F)(F)F)Nc1cncc(-c2cnc3cc(-c4ncccn4)ccn23)c1,True,True
300,5754,O=C(NCC(F)(F)F)Nc1cncc(-c2cnc3cc(-c4nncs4)ccn23)c1,True,True
301,5755,O=C(NCC(F)(F)F)Nc1cncc(-c2cnc3cc(C#CC4CC4)ccn23)c1,True,True
302,5756,O=C(NCC(F)(F)F)Nc1cncc(-c2cnc3cc(Cl)ccn23)c1,False,True
303,5958,O=C(Nc1cccc(-c2cnc3cc(-c4ccc(F)cc4)ccn23)c1)NC1CC1,True,True
304,5959,O=C(Nc1cccc(-c2cnc3cc(-c4ncccn4)ccn23)c1)NC1CC1,False,True
305,5961,O=C(Nc1cccc(-c2cnc3cc(Cl)ccn23)c1)NC1CC1,False,True
306,6078,O=C1CN(c2ccc(-c3ccn4c(-c5cccc(NC(=O)NCC(F)(F)F)c5)cnc4c3)nn2)CCN1,True,True
307,6079,O=C1CN(c2ncc(-c3ccn4c(-c5cccc(NC(=O)NCC(F)(F)F)c5)cnc4c3)cn2)CCN1,True,True
308,42,C=C(CN1CCOCC1)C(=O)Nc1ccc(NC(=O)Nc2ccc(-c3cc(C)nc4noc(N)c34)cc2)cc1C,True,True
309,3984,Cc1cc(-c2ccc(NC(=O)Nc3ccccc3Cl)cc2)c2c(N)onc2n1,True,True
310,5588,Nc1onc2nc(-c3ccccc3)cc(-c3ccc(NC(=O)Nc4ccc(Cl)c(C(F)(F)F)c4)cc3)c12,True,True
311,5589,Nc1onc2nc(-c3ccccc3)cc(-c3ccc(NC(=O)Nc4ccc(F)cc4)cc3)c12,True,True
312,5591,Nc1onc2nc(-c3ccccc3)cc(-c3ccc(NC(=O)Nc4cccc(F)c4)cc3)c12,True,True
313,325,CC(C)(C)C(=O)Nc1ccc(-c2ccc(NC(=O)Nc3cc(Br)cc(C(F)(F)F)c3)cc2)cn1,True,True
314,326,CC(C)(C)C(=O)Nc1ccc(-c2ccc(NC(=O)Nc3cc(Br)ccc3OC(F)(F)F)cc2)cn1,False,True
315,327,CC(C)(C)C(=O)Nc1ccc(-c2ccc(NC(=O)Nc3cc(C(F)(F)F)cc(C(F)(F)F)c3)cc2)cn1,False,True
316,328,CC(C)(C)C(=O)Nc1ccc(-c2ccc(NC(=O)Nc3ccc(Cl)c(Cl)c3)cc2)cn1,True,True
317,329,CC(C)(C)C(=O)Nc1ccc(-c2ccc(NC(=O)Nc3ccc(Cl)cc3Cl)cc2)cn1,False,True
318,330,CC(C)(C)C(=O)Nc1ccc(-c2ccc(NC(=O)Nc3ccc(OC(F)(F)F)cc3Br)cc2)cn1,False,True
319,6007,O=C(Nc1ccccc1)Nc1ccc(-c2ccc(-c3ccc[nH]3)nc2)cc1,False,True
320,5814,O=C(Nc1ccc(-c2cccnc2)cc1)Nc1ccc(Cl)c(Cl)c1,True,True
321,3323,COc1ccc(-c2cc(NC(=O)Nc3ccncc3)cc(C(F)(F)F)c2)cn1,True,True
322,5801,O=C(Nc1ccc(-c2ccc3c(=O)nc[nH]c3c2)cc1)C1(C(=O)Nc2cccc(C(F)(F)F)c2)CCC1,True,True
323,5813,O=C(Nc1ccc(-c2cccnc2)cc1)Nc1cc(C(F)(F)F)cc(C(F)(F)F)c1,True,True
324,6038,O=C(Nc1ccncc1)Nc1cc(-c2cccnc2)cc(C(F)(F)F)c1,True,True
325,4219,Cc1ccc(C(=O)Nc2cccc(C(F)(F)F)c2C)cc1-c1ccc2nc(Nc3ccccc3)ncc2c1,True,True
326,5920,O=C(Nc1ccc(Oc2ccnc(-c3cc(C(=O)O)c[nH]3)c2)cc1)Nc1ccc(Cl)c(C(F)(F)F)c1,True,True
327,232,C=CCN1CCN(C(=S)SCC(=O)Nc2cccc(NC(=O)c3ccccn3)c2)CC1,True,True
328,347,CC(C)(C)OC(=O)N1CCN(C(=S)SCC(=O)Nc2cccc(NC(=O)c3ccccn3)c2)CC1,True,True
329,808,CCN1CCN(C(=S)SCC(=O)Nc2cccc(NC(=O)c3ccccn3)c2)CC1,False,True
330,1253,CN1CCN(C(=S)SCC(=O)Nc2cccc(NC(=O)c3ccccn3)c2)CC1,True,True
331,5606,O=C(CCSC(=S)N1CCCCC1)Nc1cccc(NC(=O)c2ccccn2)c1,True,True
332,5607,O=C(CCSC(=S)N1CCN(c2ccccc2)CC1)Nc1cccc(NC(=O)c2ccccn2)c1,True,True
333,5608,O=C(CCSC(=S)N1CCN(c2ncccn2)CC1)Nc1cccc(NC(=O)c2ccccn2)c1,True,True
334,5609,O=C(CCSC(=S)N1CCOCC1)Nc1cccc(NC(=O)c2ccccn2)c1,True,True
335,5626,O=C(CSC(=S)N1CCCCC1)Nc1cccc(NC(=O)c2ccccn2)c1,True,True
336,5627,O=C(CSC(=S)N1CCN(C2CCCCC2)CC1)Nc1cccc(NC(=O)c2ccccn2)c1,True,True
337,5628,O=C(CSC(=S)N1CCN(c2ccccc2)CC1)Nc1cccc(NC(=O)c2ccccn2)c1,True,True
338,5629,O=C(CSC(=S)N1CCN(c2ncccn2)CC1)Nc1cccc(NC(=O)c2ccccn2)c1,True,True
339,5630,O=C(CSC(=S)N1CCOCC1)Nc1cccc(NC(=O)c2ccccn2)c1,True,True
340,5777,O=C(NCc1ccccc1)Nc1cccc(NC(=O)c2ccccn2)c1,False,True
341,5987,O=C(Nc1cccc(NC(=O)c2ccccn2)c1)NC1CCCCC1,True,True
342,5988,O=C(Nc1cccc(NC(=O)c2ccccn2)c1)Nc1ccc2ccccc2c1,True,True
343,5989,O=C(Nc1cccc(NC(=S)Nc2ccc([N+](=O)[O-])cc2)c1)c1ccccn1,True,True
344,5990,O=C(Nc1cccc(NC(=S)Nc2ccccc2)c1)c1ccccn1,True,True
345,6019,O=C(Nc1ccccc1)Nc1cccc(NC(=O)c2ccccn2)c1,True,True
346,235,C=CCNC(=O)Nc1cncc2nc(-c3ccccc3)cnc12,False,False
347,3563,COc1ccc(NC(=O)Nc2cncc3nc(-c4ccccc4)cnc23)cc1,False,False
348,5123,Fc1ccc(Nc2cncc3nc(-c4ccccc4)cnc23)cc1Cl,False,False
349,6226,c1ccc(-c2cnc3c(Nc4ccc(N5CCCCC5)cc4)cncc3n2)cc1,False,False
350,6248,c1ccc(Nc2cncc3nc(-c4ccc(N5CCCCC5)cc4)cnc23)cc1,False,False
351,5659,O=C(N/N=C/c1cccn1CCCN1CCCC1)Nc1ccc(Oc2ccnc3[nH]ccc23)cc1,False,True
352,244,C=S(C)(=O)NC(=O)c1c[nH]c(-c2cc(Oc3ccc(NC(=O)Nc4cc(C)ccc4F)cc3)ccn2)c1,True,True
353,245,C=S(C)(=O)NC(=O)c1c[nH]c(-c2cc(Oc3ccc(NC(=O)Nc4ccc(Cl)c(C(F)(F)F)c4)cc3)ccn2)c1,True,True
354,246,C=S(C)(=O)NC(=O)c1c[nH]c(-c2cc(Oc3ccc(NC(=O)Nc4cccc(C)c4)cc3)ccn2)c1,True,True
355,247,C=S(C)(=O)NC(=O)c1c[nH]c(-c2cc(Oc3cccc(NC(=O)c4occc4C)c3)ccn2)c1,True,True
356,248,C=S(C)(=O)NC(=O)c1cc(-c2cc(Oc3ccc(NC(=O)Nc4cc(C)ccc4F)cc3)ccn2)c[nH]1,True,True
357,684,CCN(CC)C(=O)c1c[nH]c(-c2cc(Oc3ccc(NC(=O)Nc4cc(C)ccc4F)cc3)ccn2)c1,True,True
358,831,CCNC(=O)CCCNC(=O)c1c[nH]c(-c2cc(Oc3ccc(NC(=O)Nc4cc(C)ccc4F)cc3)ccn2)c1,True,True
359,857,CCNC(=O)[C@H](CCC(=O)O)NC(=O)c1c[nH]c(-c2cc(Oc3ccc(NC(=O)Nc4cccc(C)c4)c(F)c3)ccn2)c1,True,True
360,858,CCNC(=O)[C@H](CCC(=O)OC(C)(C)C)NC(=O)c1c[nH]c(-c2cc(Oc3ccc(NC(=O)Nc4cccc(C)c4)c(F)c3)ccn2)c1,True,True
361,859,CCNC(=O)c1c[nH]c(-c2cc(Oc3ccc(NC(=O)Nc4cc(C)ccc4F)cc3)ccn2)c1,True,True
362,860,CCNC(=O)c1c[nH]c(-c2cc(Oc3ccc(NC(=O)Nc4cccc(C)c4)c(F)c3)ccn2)c1,True,True
363,861,CCNC(=O)c1c[nH]c(-c2cc(Oc3ccc(NC(=O)Nc4cccc(C)c4)cc3)ccn2)c1,True,True
364,862,CCNC(=O)c1c[nH]c(-c2cc(Oc3cccc(C(=O)Nc4occc4C)c3)ccn2)c1,True,True
365,887,CCOC(=O)CCCNC(=O)c1c[nH]c(-c2cc(Oc3ccc(NC(=O)Nc4cc(C)ccc4F)c(F)c3)ccn2)c1,True,True
366,888,CCOC(=O)CCCNC(=O)c1c[nH]c(-c2cc(Oc3ccc(NC(=O)Nc4cc(C)ccc4F)cc3)ccn2)c1,True,True
367,1437,CNC(=O)c1c[nH]c(-c2cc(Oc3ccc(NC(=O)Nc4cccc(C)c4)cc3)ccn2)c1,True,True
368,1438,CNC(=O)c1cc(-c2cc(Oc3ccc(NC(=O)Nc4cc(C)ccc4F)cc3)ccn2)c[nH]1,True,True
369,1687,COC(=O)C1CCCN1CCCNC(=O)c1c[nH]c(-c2cc(Oc3ccc(NC(=O)Nc4cc(C)ccc4F)cc3)ccn2)c1,True,True
370,1688,COC(=O)CC1CCN(C(=O)c2c[nH]c(-c3cc(Oc4ccc(NC(=O)Nc5cc(C)ccc5F)cc4)ccn3)c2)CC1,True,True
371,1689,COC(=O)CC=S(C)(=O)NC(=O)c1c[nH]c(-c2cc(Oc3ccc(NC(=O)Nc4cccc(C)c4)cc3)ccn2)c1,True,True
372,1691,COC(=O)CCC=S(C)(=O)NC(=O)c1c[nH]c(-c2cc(Oc3ccc(NC(=O)Nc4cc(C)ccc4F)cc3)ccn2)c1,True,True
373,1694,COC(=O)CC[C@H](NC(=O)c1c[nH]c(-c2cc(Oc3ccc(NC(=O)Nc4cc(C)ccc4F)cc3)ccn2)c1)C(=O)OC,True,True
374,1695,COC(=O)CNC(=O)c1c[nH]c(-c2cc(Oc3cc(C(=O)Nc4cc(C)ccc4F)ccc3F)ccn2)c1,True,True
375,1696,COC(=O)CNC(=O)c1c[nH]c(-c2cc(Oc3ccc(NC(=O)Nc4cc(C)ccc4F)cc3)ccn2)c1,True,True
376,1697,COC(=O)CNC(=O)c1c[nH]c(-c2cc(Oc3ccc(NC(=O)Nc4cccc(C)c4)c(F)c3)ccn2)c1,True,True
377,1698,COC(=O)CNC(=O)c1c[nH]c(-c2cc(Oc3cccc(NC(=O)c4occc4C)c3)ccn2)c1,True,True
378,1699,COC(=O)CNC(=O)c1cc(-c2cc(Oc3ccc(NC(=O)Nc4cc(C)ccc4F)cc3)ccn2)cs1,True,True
379,1741,COC(=O)[C@@H]1CCCN1CCNC(=O)c1c[nH]c(-c2cc(Oc3ccc(NC(=O)Nc4cc(C)ccc4F)cc3)ccn2)c1,True,True
380,1743,COC(=O)[C@H](CCC(=O)O)NC(=O)c1c[nH]c(-c2cc(Oc3ccc(NC(=O)Nc4cc(C)ccc4F)cc3)ccn2)c1,True,True
381,1744,COC(=O)[C@H](CCC(=O)OC(C)(C)C)NC(=O)c1c[nH]c(-c2cc(Oc3ccc(NC(=O)Nc4cccc(C)c4)c(F)c3)ccn2)c1,True,True
382,1745,COC(=O)[C@H](CCC(=O)OCC(O)CO)NC(=O)c1c[nH]c(-c2cc(Oc3ccc(NC(=O)Nc4cc(C)ccc4F)cc3)ccn2)c1,True,True
383,1754,COC(=O)c1c[nH]c(-c2cc(Oc3ccc(F)c(NC(=O)c4occc4C)c3)ccn2)c1,True,True
384,1755,COC(=O)c1c[nH]c(-c2cc(Oc3ccc(NC(=O)Nc4cc(C)ccc4F)cc3)ccn2)c1,True,True
385,1756,COC(=O)c1c[nH]c(-c2cc(Oc3ccc(NC(=O)Nc4cc(C)ccc4F)cc3F)ccn2)c1,True,True
386,1757,COC(=O)c1c[nH]c(-c2cc(Oc3ccc(NC(=O)Nc4ccc(Cl)c(C(F)(F)F)c4)cc3)ccn2)c1,True,True
387,1758,COC(=O)c1c[nH]c(-c2cc(Oc3ccc(NC(=O)Nc4ccc(F)c(C(F)(F)F)c4)cc3)ccn2)c1,True,True
388,1759,COC(=O)c1c[nH]c(-c2cc(Oc3ccc(NC(=O)Nc4cccc(C)c4)c(F)c3)ccn2)c1,True,True
389,1760,COC(=O)c1c[nH]c(-c2cc(Oc3ccc(NC(=O)Nc4cccc(C)c4)cc3)ccn2)c1,True,True
390,1761,COC(=O)c1c[nH]c(-c2cc(Oc3cccc(C(=O)Nc4cc(C)ccc4F)c3)ccn2)c1,True,True
391,1762,COC(=O)c1c[nH]c(-c2cc(Oc3cccc(C(=O)Nc4cccc(C)c4)c3)ccn2)c1,True,True
392,1763,COC(=O)c1c[nH]c(-c2cc(Oc3cccc(NC(=O)c4occc4C)c3)ccn2)c1,True,True
393,1764,COC(=O)c1c[nH]c(-c2cc(Oc3cccc(NC(=O)c4sccc4C)c3)ccn2)c1,True,True
394,1765,COC(=O)c1c[nH]c(-c2cc(Sc3ccc(NC(=O)Nc4cc(C)ccc4F)cc3)ccn2)c1,True,True
395,1766,COC(=O)c1cc(-c2cc(Oc3ccc(NC(=O)Nc4cc(C)ccc4F)cc3)cc(N)n2)cn1C(=O)OC(C)(C)C,False,True
396,1767,COC(=O)c1cc(-c2cc(Oc3ccc(NC(=O)Nc4cc(C)ccc4F)cc3)ccn2)c[nH]1,True,True
397,1768,COC(=O)c1cc(-c2cc(Oc3ccc(NC(=O)Nc4cc(C)ccc4F)cc3)ccn2)cs1,True,True
398,1769,COC(=O)c1cc(-c2cc(Oc3cccc(NC(=O)Nc4cc(C)ccc4F)c3)ccn2)c[nH]1,True,True
399,1900,COCCNC(=O)c1c[nH]c(-c2cc(Oc3ccc(NC(=O)Nc4cc(C)ccc4F)cc3)ccn2)c1,True,True
400,1912,COCCOC(=O)c1c[nH]c(-c2cc(Oc3ccc(NC(=O)Nc4cc(C)ccc4F)cc3)ccn2)c1,True,True
401,1920,COCCOCCOC(=O)c1c[nH]c(-c2cc(Oc3ccc(NC(=O)Nc4cc(C)ccc4F)cc3)ccn2)c1,True,True
402,3804,CS(=O)(=O)Nc1nc2ccc(Oc3ccc(NC(=O)Nc4cc(C(F)(F)F)ccc4F)cc3)cc2s1,False,True
403,4243,Cc1ccc(F)c(C(=O)Nc2ccc(Oc3ccnc(-c4ccc[nH]4)c3)cc2)c1,False,True
404,4254,Cc1ccc(F)c(NC(=O)Nc2ccc(-c3ccnc(-c4cc[nH]c4)c3)cc2)c1,False,True
405,4255,Cc1ccc(F)c(NC(=O)Nc2ccc(-c3ccnc(-c4ccc[nH]4)c3)cc2)c1,False,True
406,4269,Cc1ccc(F)c(NC(=O)Nc2ccc(Oc3cc(N)nc(-c4ccc[nH]4)c3)cc2)c1,False,True
407,4270,Cc1ccc(F)c(NC(=O)Nc2ccc(Oc3ccnc(-c4c[nH]c(C(=O)N(C)C)c4)c3)cc2)c1,True,True
408,4271,Cc1ccc(F)c(NC(=O)Nc2ccc(Oc3ccnc(-c4c[nH]c(C(=O)O)c4)c3)cc2)c1,True,True
409,4272,Cc1ccc(F)c(NC(=O)Nc2ccc(Oc3ccnc(-c4c[nH]c(C(=O)OCCO)c4)c3)cc2)c1,True,True
410,4273,Cc1ccc(F)c(NC(=O)Nc2ccc(Oc3ccnc(-c4cc(C(=O)N5CC5)c[nH]4)c3)cc2)c1,True,True
411,4274,Cc1ccc(F)c(NC(=O)Nc2ccc(Oc3ccnc(-c4cc(C(=O)N5CCC(C(=O)O)C5)c[nH]4)c3)cc2)c1,True,True
412,4275,Cc1ccc(F)c(NC(=O)Nc2ccc(Oc3ccnc(-c4cc(C(=O)N5CCC(C(=O)O)C5)c[nH]4)c3)cc2F)c1,True,True
413,4276,Cc1ccc(F)c(NC(=O)Nc2ccc(Oc3ccnc(-c4cc(C(=O)N5CCC(CC(=O)O)CC5)c[nH]4)c3)cc2)c1,True,True
414,4277,Cc1ccc(F)c(NC(=O)Nc2ccc(Oc3ccnc(-c4cc(C(=O)N5CCC(O)CC5)c[nH]4)c3)cc2)c1,True,True
415,4278,Cc1ccc(F)c(NC(=O)Nc2ccc(Oc3ccnc(-c4cc(C(=O)N5CCC(S(=O)(=O)O)CC5)c[nH]4)c3)cc2)c1,True,True
416,4279,Cc1ccc(F)c(NC(=O)Nc2ccc(Oc3ccnc(-c4cc(C(=O)N5CCC5)c[nH]4)c3)cc2)c1,True,True
417,4280,Cc1ccc(F)c(NC(=O)Nc2ccc(Oc3ccnc(-c4cc(C(=O)N5CCN(C)CC5)c[nH]4)c3)cc2)c1,True,True
418,4281,Cc1ccc(F)c(NC(=O)Nc2ccc(Oc3ccnc(-c4cc(C(=O)N5CC[C@@H](O)C5)c[nH]4)c3)cc2)c1,True,True
419,4282,Cc1ccc(F)c(NC(=O)Nc2ccc(Oc3ccnc(-c4cc(C(=O)N5CC[C@H](O)C5)c[nH]4)c3)cc2)c1,True,True
420,4283,Cc1ccc(F)c(NC(=O)Nc2ccc(Oc3ccnc(-c4cc(C(=O)NCC(=O)N5CC[C@H](O)C5)c[nH]4)c3)cc2)c1,True,True
421,4284,Cc1ccc(F)c(NC(=O)Nc2ccc(Oc3ccnc(-c4cc(C(=O)NCC(=O)NCC(O)CO)c[nH]4)c3)cc2)c1,True,True
422,4285,Cc1ccc(F)c(NC(=O)Nc2ccc(Oc3ccnc(-c4cc(C(=O)NCC(=O)O)c[nH]4)c3)cc2)c1,True,True
423,4286,Cc1ccc(F)c(NC(=O)Nc2ccc(Oc3ccnc(-c4cc(C(=O)NCC(O)CO)c[nH]4)c3)cc2)c1,True,True
424,4287,Cc1ccc(F)c(NC(=O)Nc2ccc(Oc3ccnc(-c4cc(C(=O)NCCC(=O)O)c[nH]4)c3)cc2)c1,True,True
425,4288,Cc1ccc(F)c(NC(=O)Nc2ccc(Oc3ccnc(-c4cc(C(=O)NCCC(=O)O)c[nH]4)c3)cc2F)c1,True,True
426,4289,Cc1ccc(F)c(NC(=O)Nc2ccc(Oc3ccnc(-c4cc(C(=O)NCCCC(=O)N(C)CC(O)CO)c[nH]4)c3)cc2)c1,True,True
427,4290,Cc1ccc(F)c(NC(=O)Nc2ccc(Oc3ccnc(-c4cc(C(=O)NCCCC(=O)N5CCCC(O)C5)c[nH]4)c3)cc2)c1,True,True
428,4291,Cc1ccc(F)c(NC(=O)Nc2ccc(Oc3ccnc(-c4cc(C(=O)NCCCC(=O)N5CC[C@@H](O)C5)c[nH]4)c3)cc2)c1,True,True
429,4292,Cc1ccc(F)c(NC(=O)Nc2ccc(Oc3ccnc(-c4cc(C(=O)NCCCC(=O)NCC(O)CO)c[nH]4)c3)cc2)c1,True,True
430,4293,Cc1ccc(F)c(NC(=O)Nc2ccc(Oc3ccnc(-c4cc(C(=O)NCCCC(=O)NO)c[nH]4)c3)cc2)c1,True,True
431,4294,Cc1ccc(F)c(NC(=O)Nc2ccc(Oc3ccnc(-c4cc(C(=O)NCCCC(=O)O)c[nH]4)c3)cc2)c1,True,True
432,4295,Cc1ccc(F)c(NC(=O)Nc2ccc(Oc3ccnc(-c4cc(C(=O)NCCCC(=O)O)c[nH]4)c3)cc2F)c1,True,True
433,4296,Cc1ccc(F)c(NC(=O)Nc2ccc(Oc3ccnc(-c4cc(C(=O)NCCCC(N)=O)c[nH]4)c3)cc2)c1,True,True
434,4297,Cc1ccc(F)c(NC(=O)Nc2ccc(Oc3ccnc(-c4cc(C(=O)NCCCN5CCOCC5)c[nH]4)c3)cc2)c1,True,True
435,4298,Cc1ccc(F)c(NC(=O)Nc2ccc(Oc3ccnc(-c4cc(C(=O)NCCCO)c[nH]4)c3)cc2)c1,True,True
436,4299,Cc1ccc(F)c(NC(=O)Nc2ccc(Oc3ccnc(-c4cc(C(=O)NCCN5CCCC5)c[nH]4)c3)cc2)c1,True,True
437,4300,Cc1ccc(F)c(NC(=O)Nc2ccc(Oc3ccnc(-c4cc(C(=O)NCCO)c[nH]4)c3)cc2)c1,True,True
438,4301,Cc1ccc(F)c(NC(=O)Nc2ccc(Oc3ccnc(-c4cc(C(=O)NCCOCCOCCOCCO)c[nH]4)c3)cc2)c1,True,True
439,4302,Cc1ccc(F)c(NC(=O)Nc2ccc(Oc3ccnc(-c4cc(C(=O)NO)c[nH]4)c3)cc2)c1,True,True
440,4303,Cc1ccc(F)c(NC(=O)Nc2ccc(Oc3ccnc(-c4cc(C(=O)NO)c[nH]4)c3)cc2F)c1,True,True
441,4304,Cc1ccc(F)c(NC(=O)Nc2ccc(Oc3ccnc(-c4cc(C(=O)N[C@@H](CCC(=O)O)C(=O)O)c[nH]4)c3)cc2)c1,True,True
442,4305,Cc1ccc(F)c(NC(=O)Nc2ccc(Oc3ccnc(-c4cc(C(=O)N[C@@H](CCC(=O)OCC(O)CO)C(=O)OCC(O)CO)c[nH]4)c3)cc2)c1,True,True
443,4306,Cc1ccc(F)c(NC(=O)Nc2ccc(Oc3ccnc(-c4cc(C(=O)O)c[nH]4)c3)c(F)c2)c1,True,True
444,4307,Cc1ccc(F)c(NC(=O)Nc2ccc(Oc3ccnc(-c4cc(C(=O)O)c[nH]4)c3)cc2)c1,True,True
445,4308,Cc1ccc(F)c(NC(=O)Nc2ccc(Oc3ccnc(-c4cc(C(=O)O)c[nH]4)c3)cc2F)c1,True,True
446,4309,Cc1ccc(F)c(NC(=O)Nc2ccc(Oc3ccnc(-c4cc(C(=O)OCC(O)CO)c[nH]4)c3)cc2)c1,True,True
447,4310,Cc1ccc(F)c(NC(=O)Nc2ccc(Oc3ccnc(-c4cc(C(=O)OCCO)c[nH]4)c3)cc2)c1,True,True
448,4311,Cc1ccc(F)c(NC(=O)Nc2ccc(Oc3ccnc(-c4cc(C(N)=O)c[nH]4)c3)cc2)c1,True,True
449,4312,Cc1ccc(F)c(NC(=O)Nc2ccc(Oc3ccnc(-c4ccc[nH]4)c3)cc2)c1,True,True
450,4313,Cc1ccc(F)c(NC(=O)Nc2ccc(Oc3ccnc(-c4csc(C(=O)NCC(=O)O)c4)c3)cc2)c1,True,True
451,4314,Cc1ccc(F)c(NC(=O)Nc2ccc(Oc3ccnc(-c4csc(C(=O)O)c4)c3)cc2)c1,True,True
452,4315,Cc1ccc(F)c(NC(=O)Nc2ccc(Sc3ccnc(-c4cc(C(=O)O)c[nH]4)c3)cc2)c1,True,True
453,4316,Cc1ccc(F)c(NC(=O)Nc2cccc(-c3ccnc(-c4ccc[nH]4)c3)c2)c1,False,True
454,4317,Cc1ccc(F)c(NC(=O)c2ccc(F)c(Oc3ccnc(-c4cc(C(=O)N5CCCC(O)C5)c[nH]4)c3)c2)c1,True,True
455,4318,Cc1ccc(F)c(NC(=O)c2ccc(F)c(Oc3ccnc(-c4cc(C(=O)NCC(=O)O)c[nH]4)c3)c2)c1,True,True
456,4319,Cc1ccc(F)c(NC(=O)c2ccc(F)c(Oc3ccnc(-c4cc(C(=O)NO)c[nH]4)c3)c2)c1,True,True
457,4320,Cc1ccc(F)c(NC(=O)c2ccc(F)c(Oc3ccnc(-c4cc(C(=O)O)c[nH]4)c3)c2)c1,True,True
458,4321,Cc1ccc(F)c(NC(=O)c2cccc(Oc3ccnc(-c4cc(C(=O)N5CC[C@H](O)C5)c[nH]4)c3)c2)c1,True,True
459,4322,Cc1ccc(F)c(NC(=O)c2cccc(Oc3ccnc(-c4cc(C(=O)NCC(O)CO)c[nH]4)c3)c2)c1,True,True
460,4323,Cc1ccc(F)c(NC(=O)c2cccc(Oc3ccnc(-c4cc(C(=O)NO)c[nH]4)c3)c2)c1,True,True
461,4324,Cc1ccc(F)c(NC(=O)c2cccc(Oc3ccnc(-c4cc(C(=O)O)c[nH]4)c3)c2)c1,True,True
462,4581,Cc1cccc(NC(=O)Nc2ccc(Oc3ccnc(-c4cc(C(=O)N5CCCC(O)C5)c[nH]4)c3)cc2F)c1,True,True
463,4582,Cc1cccc(NC(=O)Nc2ccc(Oc3ccnc(-c4cc(C(=O)N5CCC[C@@H](O)C5)c[nH]4)c3)cc2)c1,True,True
464,4583,Cc1cccc(NC(=O)Nc2ccc(Oc3ccnc(-c4cc(C(=O)N5CC[C@@H](O)C5)c[nH]4)c3)cc2)c1,True,True
465,4584,Cc1cccc(NC(=O)Nc2ccc(Oc3ccnc(-c4cc(C(=O)N5CC[C@@H](O)C5)c[nH]4)c3)cc2F)c1,True,True
466,4585,Cc1cccc(NC(=O)Nc2ccc(Oc3ccnc(-c4cc(C(=O)NCC(=O)O)c[nH]4)c3)cc2F)c1,True,True
467,4586,Cc1cccc(NC(=O)Nc2ccc(Oc3ccnc(-c4cc(C(=O)NCC(O)CO)c[nH]4)c3)cc2)c1,True,True
468,4587,Cc1cccc(NC(=O)Nc2ccc(Oc3ccnc(-c4cc(C(=O)NCCC(=O)O)c[nH]4)c3)cc2F)c1,True,True
469,4588,Cc1cccc(NC(=O)Nc2ccc(Oc3ccnc(-c4cc(C(=O)NCCCC(=O)O)c[nH]4)c3)cc2F)c1,True,True
470,4589,Cc1cccc(NC(=O)Nc2ccc(Oc3ccnc(-c4cc(C(=O)NO)c[nH]4)c3)cc2)c1,True,True
471,4590,Cc1cccc(NC(=O)Nc2ccc(Oc3ccnc(-c4cc(C(=O)NS(C)(=O)=CCC(=O)O)c[nH]4)c3)cc2)c1,True,True
472,4591,Cc1cccc(NC(=O)Nc2ccc(Oc3ccnc(-c4cc(C(=O)N[C@@H](CCC(=O)O)C(=O)O)c[nH]4)c3)cc2F)c1,True,True
473,4592,Cc1cccc(NC(=O)Nc2ccc(Oc3ccnc(-c4cc(C(=O)N[C@@H](CCC(=O)OC(C)(C)C)C(=O)O)c[nH]4)c3)cc2F)c1,True,True
474,4593,Cc1cccc(NC(=O)Nc2ccc(Oc3ccnc(-c4cc(C(=O)N[C@@H](CCC(=O)OCCO)C(=O)OCCO)c[nH]4)c3)cc2F)c1,True,True
475,4594,Cc1cccc(NC(=O)Nc2ccc(Oc3ccnc(-c4cc(C(=O)O)c[nH]4)c3)cc2)c1,True,True
476,4595,Cc1cccc(NC(=O)Nc2ccc(Oc3ccnc(-c4cc(C(=O)O)c[nH]4)c3)cc2F)c1,True,True
477,4609,Cc1cccc(NC(=O)c2cccc(Oc3ccnc(-c4cc(C(=O)O)c[nH]4)c3)c2)c1,True,True
478,4657,Cc1ccoc1C(=O)Nc1cc(Oc2ccnc(-c3cc(C(=O)O)c[nH]3)c2)ccc1F,True,True
479,4658,Cc1ccoc1C(=O)Nc1ccc(Oc2ccnc(-c3ccc[nH]3)c2)cc1,False,True
480,4662,Cc1ccoc1C(=O)Nc1cccc(Oc2ccnc(-c3cc(C(=O)NCC(=O)O)c[nH]3)c2)c1,True,True
481,4664,Cc1ccoc1C(=O)Nc1cccc(Oc2ccnc(-c3cc(C(=O)NO)c[nH]3)c2)c1,True,True
482,4665,Cc1ccoc1C(=O)Nc1cccc(Oc2ccnc(-c3cc(C(=O)O)c[nH]3)c2)c1,True,True
483,4668,Cc1ccoc1C(=O)Nc1cccc(Oc2ccnc(-c3cc(C(N)=O)c[nH]3)c2)c1,True,True
484,4671,Cc1ccsc1C(=O)Nc1cccc(Oc2ccnc(-c3cc(C(=O)O)c[nH]3)c2)c1,True,True
485,5921,O=C(Nc1ccc(Oc2ccnc(-c3cc(C(=O)O)c[nH]3)c2)cc1)Nc1ccc(F)c(C(F)(F)F)c1,True,True
486,5922,O=C(Nc1ccc(Oc2ccnc(-c3cc(C(=O)OCCO)c[nH]3)c2)cc1)Nc1ccc(Cl)c(C(F)(F)F)c1,True,True
487,1474,CNC(=O)c1cc(Oc2ccc(NC(=O)Nc3ccc(Cl)c(C(F)(F)F)c3)c(F)c2)ccn1,True,True
488,1753,COC(=O)c1c[nH]c(-c2cc(Nc3cccc(NC(=O)c4occc4C)c3)ccn2)c1,True,True
489,4659,Cc1ccoc1C(=O)Nc1cccc(Nc2ccnc(-c3cc(C(=O)O)c[nH]3)c2)c1,False,True
490,4660,Cc1ccoc1C(=O)Nc1cccc(Oc2ccnc(-c3cc(C(=O)N4CC[C@@H](O)C4)c[nH]3)c2)c1,True,True
491,4661,Cc1ccoc1C(=O)Nc1cccc(Oc2ccnc(-c3cc(C(=O)N4CC[C@H](O)C4)c[nH]3)c2)c1,True,True
492,4663,Cc1ccoc1C(=O)Nc1cccc(Oc2ccnc(-c3cc(C(=O)NCC(O)CO)c[nH]3)c2)c1,True,True
493,4666,Cc1ccoc1C(=O)Nc1cccc(Oc2ccnc(-c3cc(C(=O)OCC(O)CO)c[nH]3)c2)c1,True,True
494,4667,Cc1ccoc1C(=O)Nc1cccc(Oc2ccnc(-c3cc(C(=O)OCCO)c[nH]3)c2)c1,True,True
495,4669,Cc1ccoc1C(=O)Nc1cccc(Oc2ccnc(-c3ccc[nH]3)c2)c1,True,True
496,4672,Cc1ccsc1C(=O)Nc1cccc(Oc2ccnc(-c3cc(C(=O)OCCO)c[nH]3)c2)c1,True,True
497,4811,Cc1nnc(-c2ccn3c(-c4cccc(NC(=O)NC5CC5)c4)cnc3c2)o1,True,True
498,5049,Cn1cncc1C#Cc1ccn2c(-c3cccc(NC(=O)NC4CC4)c3)cnc2c1,True,True
499,5220,NC(=O)Nc1cccc(-c2cnc3cc(-c4nncs4)ccn23)c1,True,True
