,smiles,value,preds
2089,O=C(CN1C(=O)CCC1=O)Nc1ccc(F)c(F)c1F,False,-1.54368653487132
2099,COc1ccc(-c2nnc(NC(=O)c3ccc4ccccc4c3)o2)cc1OC,True,-1.54368653487132
61,O=C(Nc1ccc2ccccc2n1)c1ccc(N2CCOC2=O)cc1,True,-1.54368653487132
89,Cc1c[nH]c(=O)n1-c1ccc(C(=O)Nc2ccc3ccccc3n2)cc1,True,-1.54368653487132
97,O=C(C1CCC(O)CC1)N1CCCN(c2ccc(F)cc2)CC1,False,-1.54368653487132
2166,CNC(=O)c1ccc(-c2nnc(-c3cccc(C)c3)o2)cc1,True,-1.54368653487132
123,Cc1ccc(C(=O)N2CCN(C(=O)NCC(=O)N3CCCC3)CC2)cc1F,False,-1.54368653487132
124,COC(=O)c1c(C)[nH]c(C(=O)N(C)Cc2ccc(OC)c(F)c2)c1C,False,-1.54368653487132
129,Cc1cc(C)nc(Nc2ccc(C3CCCN(CC(=O)N4CCCC4)C3)nc2)n1,False,-1.54368653487132
141,COc1ccc(C)cc1NC(=O)CN1CCc2ccccc2C1,False,-1.54368653487132
147,Cc1nnc(NCC(=O)N2CCc3sccc3C2)c(C#N)c1C,False,-1.54368653487132
172,O=C(c1cccnc1)N1CCCC(c2cccc(-c3cccc(Cl)c3)n2)C1,False,-1.54368653487132
180,O=C(CN1CCCN(c2ccc(C(F)(F)F)cn2)CC1)Nc1ccccc1F,False,-1.54368653487132
181,Cc1cccc(NC(=O)CN2CCCN(c3ccc(C(F)(F)F)cn3)CC2)c1,False,-1.54368653487132
182,O=C(CN1CCCN(c2nccs2)CC1)Nc1cccc(Cl)c1,False,-1.54368653487132
183,COc1ccccc1NC(=O)CN1CCCN(c2nc(C)cs2)CC1,False,-1.54368653487132
186,COc1ccc(-c2cccc(C3CCCN(CC(=O)Nc4ccccn4)C3)n2)cc1,True,-1.54368653487132
188,Cc1noc(C)c1C(=O)N1CCCN(c2ccc(F)cc2)CC1,False,-1.54368653487132
200,COc1ccc(Cc2cccc(C3CCN(C(=O)C4CCCC4)CC3)n2)cc1,False,-1.54368653487132
213,O=C(CC1CCNCC1)NCCc1ccccc1F,False,-1.54368653487132
221,Cc1ccc(NC(=O)CN2CCCN(c3ccc(C(F)(F)F)cn3)CC2)c(F)c1,False,-1.54368653487132
225,COc1ccccc1CNC(=O)C(C)N1CCCN(c2ccccc2C#N)CC1,False,-1.54368653487132
229,Cc1ccc2nc3c(c(C(=O)NCc4nnc5n4CCC5)c2c1)CCCC3,False,-1.54368653487132
236,O=C(CN1CCCC(c2ccc3cn[nH]c3n2)C1)N1CCCC1,False,-1.54368653487132
260,O=C(c1ccc2[nH]ccc2c1)N1CCCC(c2cccc(-c3ccc(F)cc3)n2)C1,True,-1.54368653487132
281,CN(C)c1cccc(C(=O)N2CCCC(c3cccc(-c4cccs4)n3)C2)c1,True,-1.54368653487132
294,Cc1cc(C)c(C#N)c(N2CCN(CC(=O)Nc3ccccc3Cl)CC2)n1,True,-1.54368653487132
316,COc1ccc2c(c1)C=C(CN1CCC(c3cc(-c4ccc(N)nc4)cc(C)n3)CC1)CO2,False,-1.54368653487132
322,CCCn1ncc2ccc(C3CCCN(CC(=O)N4CCCC4)C3)nc21,False,-1.54368653487132
348,O=C(Cc1ccc(Cl)cc1)NCc1ccncc1,False,-1.54368653487132
354,CC(C(=O)Nc1ccccc1)N1CCCN(c2nccs2)CC1,False,-1.54368653487132
357,Cc1cc(NC(=O)CCc2cnn(C)c2)c2ccccc2n1,False,-1.54368653487132
384,O=C(CCc1ccccc1)N1CCC(c2cccc(Cc3ccc(F)cc3)n2)CC1,True,-1.54368653487132
465,CSc1cccc(-c2ccccc2-c2nnc(C)o2)c1,False,-1.54368653487132
466,O=C(c1cc(-c2cccc(Cl)c2)on1)N1CCC(n2cccc2)CC1,False,-1.54368653487132
496,Cc1nn(C)c(C)c1NC(=O)CN1CCN(c2nccs2)CC1,False,-1.54368653487132
498,Cn1ccc(C(=O)N2CCCC(c3cccc(-c4cccc(Cl)c4)n3)C2)n1,False,-1.54368653487132
502,CN1C(=O)N(CC(=O)Nc2ccccc2-c2ccccc2)C(=O)C1(C)C,False,-1.54368653487132
512,COc1ccc2c(c1)C=C(CN1CCC(c3cc(-c4cncnc4)cc(C)n3)CC1)CO2,False,-1.54368653487132
532,COc1ccccc1CNc1n[nH]c2nc([C@H]3CCCN(CC(=O)N4CCCC4)C3)ccc12,False,-1.54368653487132
533,Cc1ccc2nc3c(c(C(=O)NCc4cnn(C)c4)c2c1)CCCC3,False,-1.54368653487132
541,CC(C)(C)c1ccc(CN2CCC(C(N)=O)CC2)cc1,False,-1.54368653487132
576,O=C(NC1CCCC1)C(=O)c1ccc2c(c1)CCC2,False,-1.54368653487132
579,CN1C(=O)N(CC(=O)NCc2ccc(Cl)cc2)C(=O)C12CCCCC2,False,-1.54368653487132
595,CC(=O)N1CCC(c2ccccn2)CC1,False,-1.54368653487132
598,Cc1ccc(C(=O)C(=O)NC2CCCC2)cc1,False,-1.54368653487132
599,O=C(CN1CCCC(c2cccc(-c3cccc(Cl)c3)n2)C1)N1CCCC1,False,-1.54368653487132
601,O=C(CN1CCCC(c2cncc(-c3cccc(Cl)c3)n2)C1)N1CCCC1,False,-1.54368653487132
609,Cc1ccc(C(=O)C(=O)Nc2c(C)nn(C)c2C)cc1,False,-1.54368653487132
644,Cn1ccc(CN2CCC(c3cnccn3)CC2)n1,False,-1.54368653487132
646,O=C(CN1CCSC1=O)Nc1ccccc1F,False,-1.54368653487132
699,COCCNC(=O)CN1CCN(c2nccn2-c2cccc(Cl)c2)CC1,False,-1.54368653487132
714,CC(C)(O)C(=O)N1CCC(c2ccc3c(NCc4ccccc4F)n[nH]c3n2)CC1,False,-1.54368653487132
725,Cc1nc([C@H]2CC[C@H](CNC(=O)CN3CCC(c4ccccc4)CC3)CC2)ccc1C(N)=O,False,-1.54368653487132
751,O=S(=O)(c1cn[nH]c1)N1CCCC(c2cccc(-c3cccc(Cl)c3)n2)C1,True,-1.54368653487132
764,Cc1cc(CCCC(=O)NC[C@H]2CC[C@H](c3ccc(C(N)=O)c(C)n3)CC2)ccc1F,True,-1.54368653487132
784,NC(=O)c1ccccc1NC(=O)CN1CCCC(c2nc3ccccc3o2)C1,False,-1.54368653487132
788,O=C(CN1CCCC(c2nc3ccccc3o2)C1)Nc1ccc(OC(F)(F)F)cc1,True,-1.54368653487132
789,CC(C(=O)Nc1ccc(C(N)=O)cc1)N1CCCC(c2nc3ccccc3o2)C1,False,-1.54368653487132
790,Cc1ccc(NC(=O)CN2CCCC(c3nc4ccccc4o3)C2)cc1C,False,-1.54368653487132
796,Cc1cc(Nc2ccc(F)cn2)cc(C2CCN(C(=O)COc3ccccc3F)C2)n1,False,-1.54368653487132
802,CCc1ccc(-c2nccn2CC(=O)Nc2ccc(C)cc2F)nc1,False,-1.54368653487132
831,CC(C(=O)N1CCc2sccc2C1)N1CCCN(c2ccccc2C#N)CC1,False,-1.54368653487132
900,COc1cc(F)c(NCC(=O)Nc2ccc(C)cc2)cc1OC,False,-1.54368653487132
907,NC(=O)C1CCN(C(=O)CCc2ccc(Cl)cc2)CC1,False,-1.54368653487132
909,COc1cccc(N(C)CCC(=O)N2CCC(c3ccc(-c4ccc(N)nc4)cn3)CC2)c1,False,-1.54368653487132
911,CN(CC(=O)Nc1ccncc1)C1CCCC1,False,-1.54368653487132
923,COc1ccc(NC(=O)C(C)N2CCCN(c3ccc(C(F)(F)F)cn3)CC2)cc1,False,-1.54368653487132
1019,Cc1ccc(NC(=O)CN2CCCN(c3ccc(C(F)(F)F)cn3)CC2)cc1,False,-1.54368653487132
1020,O=C(CN1CCCN(c2ccc(C(F)(F)F)cn2)CC1)Nc1cccc(F)c1,False,-1.54368653487132
1039,COc1ccc(NC(=O)CN2CCC(c3cc(-c4cnc(N)nc4)cc(C)n3)CC2)cc1,False,-1.54368653487132
1041,c1ccc(-c2nsc(N3CCCN(c4nccs4)CC3)n2)cc1,False,-1.54368653487132
1059,COc1ccc(-c2nnc(-c3ccccc3)o2)cc1OC,True,-1.54368653487132
1071,Nc1ccc(CC(=O)Nc2ccccc2F)cc1,False,-1.54368653487132
1072,COc1ccc(CN(C)C(=O)Nc2ccccc2)cc1F,False,-1.54368653487132
1078,O=C(CN1CCCN(c2ccc(C(F)(F)F)cn2)CC1)Nc1ccccc1Cl,False,-1.54368653487132
1079,Cc1ccc(C)c(NC(=O)CN2CCCN(c3ccc(C(F)(F)F)cn3)CC2)c1,False,-1.54368653487132
1080,C/C=C/CC(=O)N1CCC(c2cc(Cc3ccccc3)n[nH]2)CC1,False,-1.54368653487132
1085,CN1CCc2ncnc(N3CCCN(c4nccs4)CC3)c2C1,False,-1.54368653487132
1095,CC(C)c1cccc(CN2C(=O)N(C)C3(CCCCC3)C2=O)n1,False,-1.54368653487132
1099,O=C(c1ccccn1)N1CCCC(c2cccc(-c3cccc(Cl)c3)n2)C1,False,-1.54368653487132
1104,Cc1c(Cl)cccc1NC(=O)C(C)N1CCCN(c2nccs2)CC1,False,-1.54368653487132
1113,COc1ccc(N2CCCN(CC3CCN(C(=O)C4CC4)CC3)CC2)cc1,False,-1.54368653487132
1118,Cc1cc(C)c2c(c1)CCCN2C(=O)c1ccc(-c2nnc(C)o2)cc1,False,-1.54368653487132
1122,COC(=O)c1ccc(NC(=O)N(C)Cc2ccccc2CN2CCCC2)cc1,False,-1.54368653487132
1159,Nc1nc(-c2ccccc2)nc2nc(C3CCCN(CC(=O)N4CCCC4)C3)ccc12,False,-1.54368653487132
1161,CC(C)(C)N1CCCN(C(=O)CNc2ccc(C#N)cc2)CC1,False,-1.54368653487132
1268,Cc1cc(-c2ccc(N)nc2)cc(C2CCN(C(=O)CCCc3ccc(F)c(C)c3)CC2)n1,True,-1.54368653487132
1287,COC(=O)c1c(C)[nH]c(C(=O)OCC(=O)N(C)Cc2cccs2)c1C,False,-1.54368653487132
1347,COc1ccc(C(=O)N2CCCC2)cc1NC(C)C,False,-1.54368653487132
1384,CN(Cc1ccccc1Br)C(=O)Nc1ccc(C(=O)N2CCCC2)cc1,False,-1.54368653487132
1387,Cc1cc(Nc2ccccn2)cc(C2CCCN(CC(=O)Nc3ncc(C)s3)C2)n1,False,-1.54368653487132
1388,O=C(CCc1ccc(Cl)cc1)N1CCCC(c2n[nH]cc2-c2cccc(F)c2)C1,True,-1.54368653487132
1399,O=C(NCCc1nnc2n1CCC2)c1ccc2c(c1)CCC2,False,-1.54368653487132
1410,CCCC(=O)N1CCC(c2cccc(C)n2)CC1,False,-1.54368653487132
1459,Cc1nn(C)c(C)c1NC(=O)CN1CCC2(CCCCC2)CC1,False,-1.54368653487132
1460,c1ccc2c(c1)CCN(Cc1nnc3n1CCC3)C2,False,-1.54368653487132
1464,O=C(CN1CCCN(c2ccc(C(F)(F)F)cn2)CC1)Nc1ccccc1,True,-1.54368653487132
1470,CCc1nnc(Nc2cccc(C3CCCN(CC(=O)N4CCCC4)C3)n2)s1,False,-1.54368653487132
1503,O=C(CC1CCCC1)NCc1nnc2n1CCC2,False,-1.54368653487132
1529,Cc1cncc(C2CCN(Cc3cnccn3)CC2)n1,False,-1.54368653487132
1533,O=C(c1ccncc1)N1CCC(c2cnccn2)CC1,False,-1.54368653487132
1539,COc1ccc(-c2cccc(C3CCCN(C(=O)C4CCCC4)C3)n2)cc1,True,-1.54368653487132
1544,CC(C(=O)Nc1ccccc1)N1CCCC(c2nc3ccccc3o2)C1,False,-1.54368653487132
1616,Cc1ccccc1NC(=O)CN1C(=O)CCC1=O,False,-1.54368653487132
1646,Cc1cc(C)nc(CNC(=O)CC2CCNCC2)n1,False,-1.54368653487132
1647,Cc1nnc(-c2cccc(C(=O)O)c2)o1,False,-1.54368653487132
1685,COc1cc(CN(C)C(=O)Nc2cccc(C)c2C)ccc1O,False,-1.54368653487132
1695,CSc1ccccc1NC(=O)CN1CCCC(c2nc3ccccc3o2)C1,True,-1.54368653487132
1712,O=C(NCc1cccc(O)c1)Nc1ccccc1F,False,-1.54368653487132
1729,CC(=O)N1CCC(c2ccc(C(=O)O)cn2)CC1,False,-1.54368653487132
1751,O=C(NCc1ccc(O)cc1)Nc1ccncc1F,False,-1.54368653487132
1757,COc1ccc(C(=O)N2CCCC2)cc1NC(=O)c1cc(F)c(F)c(F)c1F,False,-1.54368653487132
1772,Cc1cccc(NC(=O)CN2C(=O)N(C)C3(CCCCC3)C2=O)c1C,False,-1.54368653487132
1847,COc1ccc(-c2cnn3c(N)c(-c4ccccc4)cnc23)cc1OC,True,-1.54368653487132
1886,COc1cccc(N2CCN(c3nc(C)cc(C)c3C#N)CC2)c1,True,-1.54368653487132
1935,CN(C)S(=O)(=O)N1CCC(c2ccc3c(NCc4ccccc4F)n[nH]c3n2)CC1,True,-1.54368653487132
1977,O=C(CC1CCCC1)NCc1ccncc1,False,-1.54368653487132
2000,COc1cc(CC(=O)Nc2ccccc2F)ccc1C,False,-1.54368653487132
0,CNc1cc(Nc2cccn(-c3ccccn3)c2=O)nn2c(C(=O)N[C@@H]3C[C@@H]3F)cnc12,True,-1.54368653487132
1,CCOc1cc2nn(CCC(C)(C)O)cc2cc1NC(=O)c1cccc(C(F)F)n1,True,-1.54368653487132
3,CC#CC(=O)N[C@H]1CCCN(c2c(F)cc(C(N)=O)c3[nH]c(C)c(C)c23)C1,False,-1.54368653487132
5,COc1ccc(S(=O)(=O)N2CCC(N3CCC(C)CC3)CC2)cc1,False,-1.54368653487132
6,COc1cc2c(cc1OC)CC(=O)N(CCCN(C)C[C@H]1Cc3cc(OC)c(OC)cc31)CC2,False,-1.54368653487132
7,N#Cc1ccc2[nH]c(O)c(-c3ccc(CN4CCOCC4)cn3)c2c1,False,-1.54368653487132
291,CC(C)c1nc2c(n1C)CCN(c1ncnc3ccsc13)C2,False,-1.54368653487132
70,Cn1c(C2CC2)nc2c1CCN(c1ncnc3ccsc13)C2,False,-1.54368653487132
775,CC(C)c1nc2c(n1C)CCN(c1ncnc3ccccc13)C2,False,-1.54368653487132
8,CCCc1cc(N2CCc3c(nc(C4CC4)n3C)C2)n2ncnc2n1,False,-1.54368653487132
715,CCCc1cc(N2CCc3c(nc(C(C)C)n3C)C2)n2ncnc2n1,False,-1.54368653487132
591,c1ccc2c(N3CCn4c(nnc4C4CC4)C3)ncnc2c1,False,-1.54368653487132
10,[2H]C([2H])([2H])NC(=O)c1nnc(NC(=O)C2CC2)cc1Nc1cccc(-c2ncn(C)n2)c1OC,False,-1.54368653487132
13,Cc1c(-c2c(F)cc(C(N)=O)c3[nH]c4c(c23)CC[C@H](C(C)(C)O)C4)cccc1-n1c(=O)c2cccc(F)c2n(C)c1=O,True,-1.54368653487132
15,O=C(Nc1cccnc1)c1ccnc(NC(=O)C2CC2)c1,False,-1.54368653487132
17,CC(C)(C)c1ccc(-c2nc3n(c(=O)c2C#N)CCS3)cc1,True,-1.54368653487132
22,C[C@@H]1c2nnn(-c3ncc(F)cn3)c2CCN1C(=O)c1cccc(C(F)(F)F)c1Cl,False,-1.54368653487132
39,CC(=O)Nc1ccc(C(=O)N2CCCCC2c2nc(N)ncc2-c2ccc(Cl)cc2)cc1,False,-1.54368653487132
40,CC(=O)Nc1ccc(C(=O)N2CCCCC2c2nc(N)ncc2-c2cccc(Cl)c2)cc1,False,-1.54368653487132
49,Cc1ncsc1C(=O)N1CCCCC1c1nc(N(C)C)ncc1-c1cccc(Cl)c1,False,-1.54368653487132
24,Nc1ncc(-c2cccc(C(F)(F)F)c2)c(C2CCCCN2C(=O)c2ccccc2)n1,False,-1.54368653487132
60,Cc1ncsc1C(=O)N1CCCCC1c1nc(N)ncc1-c1cccc(C(F)(F)F)c1,False,-1.54368653487132
29,Cc1c(Cl)ccc2cc3n(c12)[C@@H](C)CNC3=O,False,-1.54368653487132
33,COc1cc(F)ccc1-c1ncnc(Nc2cccc(C[S@@](C)(=N)=O)c2)n1,False,-1.54368653487132
35,Cc1ccc(C(=O)N2CCC(Cc3ccccc3-c3ccccc3)(C(=O)N(C)C)CC2)s1,False,-1.54368653487132
38,CN(C)C(=O)C1(Cc2ccccc2-c2ccccc2)CCN(C(=O)C2CCCO2)CC1,False,-1.54368653487132
37,C[C@@H]1CCN(C(=O)CC#N)C[C@@H]1N(C)c1ncnc2[nH]ccc12,False,-1.54368653487132
42,O=C1NCCN(C(=O)c2ccc3nccn3c2)C1c1ccccc1C(F)(F)F,False,-1.54368653487132
43,Cc1cc(F)ccc1C1C(=O)NCCN1C(=O)c1ccc2nccn2c1,False,-1.54368653487132
44,O=C1NCCN(C(=O)c2ccncc2)C1c1ccccc1Cl,False,-1.54368653487132
47,CC(C)(C)C(=O)N1CCC(Cc2ccc(-c3cccs3)cc2)(C(=O)N2CCCC2)CC1,False,-1.54368653487132
770,O=C(O)c1ccccc1-n1cnc(CN2CCCC2)c1,False,-1.54368653487132
1597,CN(C)Cc1ccc(-c2ccccc2C(=O)O)cc1,False,-1.54368653487132
1192,CCc1cnc(NCc2ccc(CN3CCCC3)cc2)nc1,False,-1.54368653487132
1737,CC1(C(=O)O)CCN(Cc2ccccc2)CC1,False,-1.54368653487132
235,Nc1cncc(-c2ccc(CN3CCCCC3)cc2)c1,False,-1.54368653487132
50,OCC1CCCCN1Cc1ccc(Cl)c(Cl)c1,False,-1.54368653487132
2066,CC(=O)NCc1ccc(-c2ccccc2C(=O)O)cc1,False,-1.54368653487132
56,OCC1CCCCN1Cc1ccc(-c2ccccc2)cc1,False,-1.54368653487132
92,c1ccc(-c2ccc(CN3CCCCCCC3)cc2)cc1,True,-1.54368653487132
1021,O=C(O)c1ccccc1-c1ccc(CN2CCCCC2)cc1,False,-1.54368653487132
1630,CC(=O)NCc1ncc(-c2ccccc2C(=O)O)cn1,False,-1.54368653487132
1119,CCC(=O)N(C)c1ccccc1C(=O)O,False,-1.54368653487132
65,CCN1CCN(S(=O)(=O)Cc2ccc(Cl)c(Cl)c2)CC1,False,-1.54368653487132
66,O=C(Nc1nc2cccc(-c3ccc(CN4CCS(=O)(=O)CC4)cc3)n2n1)C1CC1,False,-1.54368653487132
67,CCn1c(CO)nn(-c2cc(O[C@@H](C)C(F)(F)F)c(C(=O)Nc3c(F)cccc3Cl)cc2F)c1=O,False,-1.54368653487132
71,CC/C(=C(\c1ccccc1)c1ccc(OCCN(C)C)cc1)c1ccccc1,True,-1.54368653487132
74,CC1CCN([C@H](c2ccc(F)cc2)c2ccc([C@@H](C)C(=O)O)cc2-c2ccc(C(F)(F)F)cc2)CC1,False,-1.54368653487132
75,O=C1CCC(=O)N1Cc1nc(C23CC4CC(CC(C4)C2)C3)cs1,False,-1.54368653487132
76,O=C(Nc1nc2c(s1)COc1ccccc1-2)c1cnc(Cl)c(Cl)c1,True,-1.54368653487132
2119,COc1cc(OC)cc(C(=O)Nc2nc3c(s2)COc2ccccc2-3)c1,True,-1.54368653487132
77,CC(C)(C)c1ccc(C(=O)Nc2cn3cc(-n4ccnc4)ccc3n2)cc1,True,-1.54368653487132
78,O=C(Nc1nc2cc(C(F)(F)F)cc(NC3CC3)n2n1)c1cccnc1,True,-1.54368653487132
79,COc1cc(Nc2cc(-c3cccc(C#N)c3)ccn2)ccc1N1CCN(C)CC1,False,-1.54368653487132
80,CC[C@H]1[C@@H](COc2nccc3cc(C(N)=O)c(OC)cc23)NC(=O)[C@H]1F,False,-1.54368653487132
81,C[C@@]1(c2ncncc2F)NC(=O)c2cc(-c3cn[nH]c3)ccc21,False,-1.54368653487132
82,Cc1cc(F)c(C(=O)Nc2cccc(-c3nncn3C(C)C)n2)cc1-n1cnc(C2CC2)c1,False,-1.54368653487132
83,C[C@H]1CN(C2COC2)CCN1c1ccc(Nc2cc(-c3ccnc(N4CCn5c(cc6c5CC(C)(C)C6)C4=O)c3CO)cn(C)c2=O)nc1,False,-1.54368653487132
84,Nc1ncc(-c2cc(C3C4CN(C5COC5)CC43)n(CC3CC3)n2)cc1C(F)(F)F,True,-1.54368653487132
87,N#CN1CCC[C@H](n2nc(-c3ccc(Oc4ccc(F)cc4F)cc3)c(C(N)=O)c2N)C1,False,-1.54368653487132
90,CNC(=O)c1cccc(NC(=O)N2CCC(Oc3ccccc3Cl)CC2)c1,False,-1.54368653487132
580,Cc1ccccc1OC1CCN(C(=O)Nc2ccc3c(c2)ncn3C)CC1,False,-1.54368653487132
98,CCn1ncnc1-c1[nH]cnc1-c1ccccc1,False,-1.54368653487132
1105,Cc1nc(N2CCOc3ccccc3C2)c2cnn(C)c2n1,False,-1.54368653487132
100,Cc1nc(N2CCn3ccnc3C2)c2cnn(C)c2n1,False,-1.54368653487132
103,CCNC(=O)c1ccc(CS(C)(=O)=O)cc1,False,-1.54368653487132
105,Cc1nn(C)c2sc(C(=O)N3CCC(C(=O)O)(c4ccccc4)CC3)cc12,False,-1.54368653487132
478,Cc1csc(N(C(=O)c2cc3c(C)nn(C)c3s2)C2CC2)n1,False,-1.54368653487132
518,Cc1csc(N(C(=O)c2ccc(-n3cncn3)c(F)c2)C2CC2)n1,False,-1.54368653487132
108,COc1cc(OC)cc(-c2nnc(SCC(=O)Nc3cccc(C(=O)O)c3)s2)c1,False,-1.54368653487132
112,Cc1cc(-c2cnn(CCNC(=O)c3sc(C)nc3C)c2C2CC2)on1,False,-1.54368653487132
690,Cc1nn(-c2ccc(F)cc2)c(Cl)c1C(=O)N1CCC(S(=O)(=O)C(C)C)CC1,False,-1.54368653487132
1313,CNC(=O)CN1CCCN(C(=O)c2c(C)nn(-c3ccccc3)c2Cl)CC1,False,-1.54368653487132
114,C#CCNC(=O)CN1CCCN(C(=O)c2cccc(C)n2)CC1,False,-1.54368653487132
2050,C#CCNC(=O)CN1C(=O)c2ccccc2C1=O,False,-1.54368653487132
640,COc1cccc(OCCCn2cncc2-c2cc3c(cc2OC)OCCCO3)c1,False,-1.54368653487132
122,COc1cccc(OCCCn2cncc2-c2cc3c(cc2C)n(C)c(=O)n3C)c1,False,-1.54368653487132
1456,Cc1ccc(C2(O)CCN(Cc3cn(C)c4ccc(F)cc34)CC2)cc1,False,-1.54368653487132
469,COc1ccc2nc(CN3CCC(O)(c4ccc(C)cc4)CC3)ccc2c1,False,-1.54368653487132
127,COc1c(C)cccc1CN1CCC(O)(c2ccc(F)cc2)CC1,False,-1.54368653487132
132,CCN(C/C=C/c1ccc(F)cc1)Cc1nc(COC)no1,False,-1.54368653487132
160,CN(c1ncnc2c1cnn2CCO)C1CCCCC1,False,-1.54368653487132
136,CCN1CCC(N(C)c2ncnc3c2cnn3C)CC1,False,-1.54368653487132
1130,Cc1ccc(CN(C)c2ncnc3c2cnn3C)o1,False,-1.54368653487132
363,CCN1CCC(Nc2ncnc3c2cnn3C)CC1,False,-1.54368653487132
571,CCN1CCC(Nc2nc(C)cc(C)c2C#N)CC1,False,-1.54368653487132
383,CC(C)CN(c1ncnc2c1cnn2C)C1CC1,False,-1.54368653487132
144,COc1ccc(-n2cc3c(c2-c2ccccc2Br)c(=O)n(C)c(=O)n3C)cc1,True,-1.54368653487132
1855,COc1ccccc1-n1cc2c(c1-c1ccccc1Br)c(=O)n(C)c(=O)n2C,True,-1.54368653487132
148,CCNC(=O)C1CN(c2cccc(C#N)n2)C1,False,-1.54368653487132
1763,COCc1nc(C2CCN(CCO)CC2)no1,False,-1.54368653487132
871,COc1ccc(-c2noc([C@@H]3CCCN3Cc3cccnc3)n2)cn1,False,-1.54368653487132
1480,Cc1noc(C2CCN(CCc3ccccc3)CC2)n1,False,-1.54368653487132
1735,Oc1ccc(-c2noc(-c3cccnc3)n2)cc1,True,-1.54368653487132
1676,Cc1noc(C2CCN(CC(N)=O)CC2)n1,False,-1.54368653487132
1743,Cc1nc(C2CCN(CC(N)=O)CC2)no1,False,-1.54368653487132
1203,O[C@@H]1C[C@@H](c2nc(-c3cccnc3)no2)N(CCCc2ccccc2)C1,False,-1.54368653487132
149,O[C@@H]1C[C@@H](c2nc(-c3ccccc3)no2)N(Cc2ccccc2)C1,False,-1.54368653487132
374,CCNC(=O)N1CCC(c2nc(-c3ccccc3)no2)CC1,False,-1.54368653487132
217,C#CCN1CCC(c2nc(Cc3noc(C)n3)no2)CC1,False,-1.54368653487132
858,Cc1noc(C2CCN(C(=O)C3(c4cccc(F)c4)CCC3)CC2)n1,False,-1.54368653487132
1117,COc1ccc(-c2noc([C@@H]3CCCN3Cc3ccccc3)n2)cn1,False,-1.54368653487132
1918,Oc1ccc(-c2noc(C3CC3)n2)cc1,False,-1.54368653487132
1279,Clc1ccc(Cc2nc(-c3cccnc3)no2)cc1,False,-1.54368653487132
1177,Cc1ccccc1C(=O)N1CCC[C@@H]1Cn1nnn(-c2cccs2)c1=O,False,-1.54368653487132
1819,Cc1cc(C)c(NC(=O)Cn2nnn(-c3cccs3)c2=O)c(C)c1,True,-1.54368653487132
166,O=C(c1ccccc1F)N1CCC[C@@H]1Cn1nnn(-c2cccs2)c1=O,False,-1.54368653487132
1176,CC(=O)Nc1cccc(CN2CCCN(C(C)=O)c3ccccc32)c1,False,-1.54368653487132
170,CN1CCN(Cc2noc(Cc3ccccc3)n2)c2ccccc21,False,-1.54368653487132
407,CCc1noc(CN2CCCN(C(C)=O)c3ccccc32)n1,False,-1.54368653487132
173,CNC(=O)c1ccc(N(C)C2CCC2)nn1,False,-1.54368653487132
174,CC#CCNc1ccc(-n2cnnn2)c(C)c1,False,-1.54368653487132
175,Nc1nc2ccccc2nc1N1CCCC1,False,-1.54368653487132
176,CCn1c(=O)n(CC)c2cc(N)ccc21,False,-1.54368653487132
177,Cc1cc(N2CCCCC2)nc(CNC(=O)c2ccccc2Cl)n1,False,-1.54368653487132
178,COc1ccccc1C(=O)NCc1nc(C)cc(N2CCCCC2)n1,False,-1.54368653487132
184,CC(C)(C)c1cc(NC(=O)c2cccc3cn[nH]c23)[nH]n1,True,-1.54368653487132
1635,Cc1ccc(OCc2nc3cc(N)ccc3[nH]2)cc1,False,-1.54368653487132
1659,Cc1cccc(OCCn2c(N)nc3ccccc32)c1,False,-1.54368653487132
430,Cc1ccccc1OCCn1c(N)nc2ccccc21,False,-1.54368653487132
467,Nc1ccc2[nH]c(CCc3ccccc3)nc2c1,False,-1.54368653487132
1524,Cc1cccc(OCCCNc2cc(Cn3c(C)nc4ccccc43)nc(N)n2)c1,False,-1.54368653487132
1366,Nc1ccc2c(c1)ncn2CCc1ccccc1,False,-1.54368653487132
1559,Clc1ccc2[nH]c(COc3ccccc3)nc2c1,False,-1.54368653487132
185,Cc1ccccc1OCCCNc1cc(Cn2c(C)nc3ccccc32)nc(N)n1,False,-1.54368653487132
379,Nc1nc2ccccc2n1CCCc1ccccc1,False,-1.54368653487132
1919,c1ccc(OCc2nc3cc4ccccc4cc3[nH]2)cc1,True,-1.54368653487132
187,O=C1CCCN1CCc1nc(-c2ccc3[nH]c(=O)oc3c2)cs1,False,-1.54368653487132
214,N#Cc1ccc(-c2csc(CCN3CCCC3=O)n2)cc1,False,-1.54368653487132
189,COCC1CCN(c2noc(-c3cccs3)n2)CC1,False,-1.54368653487132
1395,O=C(COc1ncnc2ccccc12)NC12CC3CC(CC(C3)C1)C2,False,-1.54368653487132
1170,CN(CCOCCOc1ccccc1-c1ccccc1)Cc1ccccc1.O=C(O)C(=O)O,False,-1.54368653487132
1166,NC(=O)COc1ncnc2ccccc12,False,-1.54368653487132
190,NC(=O)COc1ccccc1-c1ccccc1,False,-1.54368653487132
191,Cc1nc(C)c(C)c(NCc2cc(-c3ccc(F)cc3)no2)n1,False,-1.54368653487132
194,Cn1cc(-c2ccc(-c3cncc(Cl)c3N3CCC4(CCNC4=O)CC3)cc2)cn1,True,-1.54368653487132
195,Cc1ccc(-c2cn(CC3CCN(Cc4c[nH]c(C)n4)CC3)nn2)cc1,False,-1.54368653487132
196,Clc1ccc2c(Oc3cccnc3)ncnc2c1,False,-1.54368653487132
199,CC(C)(C)C(=O)N1CCN(C(=O)CCN2CCOC2=O)CC1,False,-1.54368653487132
1032,O=c1c2cccn2c2ccccc2n1CCCN1CCC(c2ccc(Cl)cc2)CC1,False,-1.54368653487132
202,O=C(Cn1c(=O)c2cccn2c2ccccc21)NCCCN1CCCC1,False,-1.54368653487132
203,O=C(CCCc1nnc(-c2ccccc2)o1)Nc1cccc2ccccc12,True,-1.54368653487132
1132,N#CC1(NC(=O)CN2CCOCC2)CCCCCC1,False,-1.54368653487132
204,CN(CC(=O)NC1(C#N)CCCCC1)c1cccc(C#N)c1,False,-1.54368653487132
1055,CN(CC(=O)NC1(C#N)CCCC1)c1ccccc1,False,-1.54368653487132
206,CN(CCC1CCCCC1)C(=O)c1ccon1,False,-1.54368653487132
208,CC(C)c1cnn2c(NCc3ccccc3)cc(NCCCCCCN)nc12,False,-1.54368653487132
209,COc1cc(C(C)C)c2c(c1)S(=O)(=O)N(COc1cc(=O)n3cccc(OCCN4CCCCC4)c3n1)C2=O,False,-1.54368653487132
211,Cc1cc(C)cc(Oc2cc(C#N)ccn2)c1,True,-1.54368653487132
216,CON(C)C(=O)c1cc(C)ccc1NS(C)(=O)=O,False,-1.54368653487132
947,Cc1ccc(NS(C)(=O)=O)c(C(=O)N(C)c2ccc3ccccc3c2)c1,False,-1.54368653487132
924,Cc1ccc(C(=O)N(C)C)cc1NS(C)(=O)=O,False,-1.54368653487132
223,N#Cc1cc(F)c(C(=O)Nc2ccnc(NC(=O)[C@H]3C[C@H]3F)c2)c(Cl)c1,False,-1.54368653487132
226,CON(C)C(=O)c1cc2ccc(C(C)(C)C)cc2[nH]1,True,-1.54368653487132
1732,Cc1ccc2cc(C(=O)N(C)CCC#N)[nH]c2c1,True,-1.54368653487132
1814,CN(C(=O)c1cc2ccc(C(C)(C)C)cc2[nH]1)C1(C#N)CCC1,True,-1.54368653487132
230,O=c1n(CCc2ccncc2)nnn1-c1ccccc1,False,-1.54368653487132
232,COc1cccc(C(=O)C[n+]2cc(-c3ccc(F)cc3)n(C)c2N)c1,False,-1.54368653487132
234,O=c1[nH]nc(CCCN2CCOCC2)n1-c1cccc(Cl)c1,False,-1.54368653487132
1357,Cc1cccc(-n2cnnc2CCCN2CCOCC2)c1,False,-1.54368653487132
237,COc1cccc2c1OC(C)(C)[C@@H]1C[C@H]3CNCC[C@H]3O[C@@H]21,False,-1.54368653487132
238,CC1(C)Oc2ccc(Cl)cc2[C@@H]2O[C@@H]3CCNC[C@@H]3C[C@H]21,False,-1.54368653487132
239,CC(C)c1nccn1-c1cccc([C@@H]2CCCN2C(=O)CCc2ccccc2)n1,False,-1.54368653487132
240,CCn1nc(C2CCCC2)nc1-c1ccncc1,False,-1.54368653487132
243,CC(C)(C)NC(=O)c1cncn1C1CCN(c2ccc(-c3nnc(C(F)(F)F)o3)cn2)CC1,False,-1.54368653487132
244,COc1ccc(-n2c(Cn3cnc(C#N)n3)nc3ccccc32)cc1,False,-1.54368653487132
249,CCc1cc2c(N(C)CCO)ncnc2s1,False,-1.54368653487132
251,Cc1cc(C)n(CCNC(=O)NC2CCOCC2)n1,False,-1.54368653487132
252,CCNC(=O)c1cc(C2CC2)nc2c1c(C)nn2-c1ccccn1,False,-1.54368653487132
558,Cc1nn(-c2ccccn2)c2nc(C3CC3)cc(C(=O)O)c12,False,-1.54368653487132
258,CC1(c2ccn[nH]2)CCN(Cc2ccco2)CC1,False,-1.54368653487132
1381,CCCCC1=NC2(CCCC2)C(=O)N1Cc1ccc(-c2ccccc2-c2nnn[nH]2)cc1,False,-1.54368653487132
261,CCCCC1=NC2(CCCC2)C(=O)N1Cc1ccc(-c2ccccc2-c2nn[nH]n2)cc1,False,-1.54368653487132
265,CN(C)CCOc1ccc(-c2nc(-c3ccncc3)c(-c3ccc4c(c3)CC/C4=N\O)[nH]2)cc1,True,-1.54368653487132
1219,OCCn1cc(-c2ccc3c(c2)CC/C3=N\O)c(-c2ccncc2)n1,False,-1.54368653487132
1383,COc1ccc2cc(-c3[nH]c(-c4ccc(S(C)=O)cc4)nc3-c3ccncc3)ccc2c1,True,-1.54368653487132
269,CCOC(=O)c1c(C)[nH]c(CN(Cc2ccccc2)C(=O)c2ccccc2Cl)c1C,True,-1.54368653487132
271,Cc1ccc2nc(-c3ccc(N(C)C)cc3)[nH]c2c1,False,-1.54368653487132
272,Cc1nc(CC2CCN(S(=O)(=O)c3cn(C)cn3)CC2)cc(NC2CCCC2)n1,False,-1.54368653487132
953,Cc1nc(CC2CCN(S(=O)(=O)c3c(C)noc3C)CC2)cc(NC2CCCC2)n1,False,-1.54368653487132
275,CCCc1nc(N2CCc3ccccc3C2)ncc1C(=O)O,False,-1.54368653487132
1854,O=c1[nH]c2nc(N3CCc4ccccc4C3)ncc2c(=O)n1-c1ccccc1,True,-1.54368653487132
1231,CN(C)C1CN(c2nc(-c3cnccn3)nc3sc4c(c23)CCCC4)C1,False,-1.54368653487132
279,Cc1nn(C)cc1CNc1nc(-c2cnccn2)nc2sc3c(c12)CCCC3,False,-1.54368653487132
285,CC(C)CC(=O)Nc1cccnc1N(C)C,False,-1.54368653487132
290,COc1ccc(S(=O)(=O)CCC(=O)Nc2ccc3c(c2)N(C)C(=O)CO3)cc1,False,-1.54368653487132
926,CN1C(=O)COc2ccc(NC(=O)CCN3C(=O)COc4ccc(Cl)cc43)cc21,True,-1.54368653487132
503,Cc1nc(Cl)cc(Nc2ccc3c(c2)N(C)C(=O)CO3)n1,False,-1.54368653487132
296,Cc1nccc(-c2ccc(-c3noc(CN4CCOCC4)n3)cc2)n1,False,-1.54368653487132
299,CN(C)C(=O)COc1ccc(N)c(F)c1,False,-1.54368653487132
301,CCCn1ccnc1CNc1nc2c(s1)c(C)nn2C,False,-1.54368653487132
303,Cc1cn[nH]c1C1(C)CCN(Cc2cnn(C)c2)CC1,False,-1.54368653487132
305,COc1ccccc1CNC(=O)c1cnc(C2CCN(C(=O)C(C)(C)C)CC2)nc1C,False,-1.54368653487132
957,COc1ccc2ccccc2c1CNC(=O)c1cnc(C2CC2)nc1,True,-1.54368653487132
886,COc1cc2cc(N)c(C3CCN(C(=O)C(C)(C)C)CC3)nc2cc1OC,False,-1.54368653487132
1373,O=C(O)c1cnc(/C=C/c2csc(-c3ccsc3)n2)s1,False,-1.54368653487132
309,CNC(=O)c1cnc(/C=C/c2csc(-c3cccs3)n2)s1,True,-1.54368653487132
311,FC(F)(F)c1nc(Nc2ccc(-n3cnnn3)cc2)c2ccccc2n1,True,-1.54368653487132
317,CCc1nnnn1Cc1noc2c1CCCC2,False,-1.54368653487132
1668,CNc1cc(C)nc(-c2ccnc3c2ccn3C)n1,False,-1.54368653487132
1517,CCOc1ncccc1-c1nc(C)cc(NC)n1,False,-1.54368653487132
319,CCOc1ncccc1-c1cc(Cl)ccc1O,False,-1.54368653487132
324,CCN(c1cc(-c2ccc(CN3CCOCC3)cc2)cc(C(=O)NCc2c(C)cc(C)nc2O)c1C)C1CCOCC1,False,-1.54368653487132
1992,CN(Cc1sccc1Br)c1nccnc1C#N,True,-1.54368653487132
326,CN(Cc1n[nH]c2c1CCCC2)c1nccnc1C#N,False,-1.54368653487132
329,COc1ccc(OC)c(-c2cc(C(=O)N3CCCN(C(C)=O)CC3)no2)c1,False,-1.54368653487132
1945,Cc1nnc(NC(C2CC2)C2CC2)c(C#N)c1C,True,-1.54368653487132
332,Cc1nnc(N2CC[C@H](O)C2)c(C#N)c1C,False,-1.54368653487132
1334,Cc1nnc(N2CCCSCC2)c(C#N)c1C,False,-1.54368653487132
2065,Cc1nnc(N2CCC(CNc3ccc(C#N)cn3)C2)c(C#N)c1C,True,-1.54368653487132
336,Clc1ccc(-c2ccc(CNCC3CCCO3)o2)c(Cl)c1,False,-1.54368653487132
1098,COCCNc1ncnc2ccsc12,False,-1.54368653487132
587,CC(C)C(=O)N1CCC(Nc2ncnc3ccsc23)CC1,False,-1.54368653487132
341,CC(=O)N1CCC(Nc2ncnc3cc(-c4ccc(Br)cc4)sc23)CC1,False,-1.54368653487132
863,c1nc(NC2CCN(C3CC3)CC2)c2sccc2n1,False,-1.54368653487132
355,O=C1CCCN1c1ccc(CN2CCC(c3noc4cc(F)ccc34)CC2)cc1,False,-1.54368653487132
1419,C1CCC(OCc2noc(C3CC3)n2)CC1,False,-1.54368653487132
358,CCc1noc(C2CCC(NCC3CCC(F)(F)CC3)CC2)n1,False,-1.54368653487132
360,CCCCc1nc2cc(/C=C/C(=O)NO)ccc2n1CCN(CC)CC,False,-1.54368653487132
362,Cc1ccc(C)c(-n2c(S)nnc2-c2ccc(O)cc2)c1,False,-1.54368653487132
1051,Cc1ccc(-n2c(S)nnc2-c2ccc(O)cc2)c(C)c1,False,-1.54368653487132
1282,O=C(NCCc1csc(N2CCCC2)n1)N1CCSCC1,False,-1.54368653487132
367,CC(C)(C)c1csc(CCNC(=O)N2CCSCC2)n1,False,-1.54368653487132
370,O=S(=O)(Nc1cccc(-c2nc3ccccc3[nH]2)c1)c1ccc(Cl)cc1,True,-1.54368653487132
1820,Cc1ccc(-c2nc3ccccc3[nH]2)cc1NS(=O)(=O)c1ccc(Cl)cc1,True,-1.54368653487132
1433,COc1cncc(-c2ccnc3[nH]ccc23)c1,False,-1.54368653487132
371,Cn1ncc2cc(-c3ccnc4[nH]ccc34)ccc21,True,-1.54368653487132
375,O=C(CCc1nnc(-c2ccsc2)o1)N1CCCc2cc(F)c(F)cc21,True,-1.54368653487132
834,CON(C)C(=O)CCc1c(C)nn(C)c1C,False,-1.54368653487132
1327,C#CCNC(=O)CCc1c(C)nn(C)c1C,False,-1.54368653487132
1908,CCC(=O)Nc1cccc(C(=O)N2CCN(C)Cc3ccccc32)c1,True,-1.54368653487132
1340,Cc1nn(C)c(C)c1CCC(=O)N1CCN(C)Cc2ccccc21,False,-1.54368653487132
378,Cc1nn(C)c(C)c1CCC(=O)N1CCCc2ncccc21,False,-1.54368653487132
700,Cc1cc(NC(=O)CCc2c(C)nn(C)c2C)no1,False,-1.54368653487132
573,O=C(COCC1CC1)N1CCCc2ncccc21,False,-1.54368653487132
391,N#CC1(C(=O)N2CCN(Cc3ccccn3)CC2)CCCCC1,False,-1.54368653487132
774,Cc1sc2nc(CN3CCCC3)nc(N)c2c1C,False,-1.54368653487132
395,Cc1sc2nc(CN3CCC(C)CC3)nc(N3CCN(c4cnccn4)CC3)c2c1C,False,-1.54368653487132
914,Cc1sc2nc(CN3CCOCC3)nc(N3CCN(c4ccncc4)CC3)c2c1C,False,-1.54368653487132
1338,c1csc(-c2csc3nc(CN4CCOCC4)nc(N4CCc5[nH]ncc5C4)c23)c1,False,-1.54368653487132
1438,CN(C)c1nc(CN2CCOCC2)nc2scc(-c3cccs3)c12,False,-1.54368653487132
405,CCS(=O)(=O)Nc1ccc(Oc2ccc(F)cc2F)c(-c2cn(C)c(=O)c3[nH]ccc23)c1,False,-1.54368653487132
408,Cn1ccc(CN2C(=O)c3ccccc3C2=O)cc1=O,False,-1.54368653487132
856,CCOc1ccc(Nc2nc(-c3c(C)nc4ccccn34)cs2)cc1,False,-1.54368653487132
412,COc1cc(Br)c(Nc2nc(-c3c(C)nc4ncccn34)cs2)c(Br)c1,False,-1.54368653487132
417,Cc1nc(O)cc(C2CCN(c3cnccn3)CC2)n1,False,-1.54368653487132
791,Cc1nc(O)cc(C2CN(C3CCCCC3)C2)n1,False,-1.54368653487132
421,Cc1cc(N)n(-c2ncnc3sc(C)c(-c4ccc(Cl)cc4)c23)n1,True,-1.54368653487132
423,Cc1nc(Cl)cc(Nc2cnn(C(C)(C)C)c2)n1,False,-1.54368653487132
769,CC(C)(C)c1nnnn1CC(=O)NC12CC3CC(CC(C3)C1)C2,False,-1.54368653487132
426,CC(C)NC(=O)Cn1nnnc1C(C)(C)C,False,-1.54368653487132
433,COc1cc(F)ccc1-c1ncccc1NC(=O)C(C)C,False,-1.54368653487132
1760,CN1CCN(C(=O)C2(NC(=O)c3cc(Cl)c4c(c3)OCO4)CCCC2)CC1,False,-1.54368653487132
436,O=C(NCCN1C(=O)CSC1=O)c1cc(Cl)c2c(c1)OCO2,False,-1.54368653487132
844,CN1CCN(C(=O)C2(NC(=O)c3ccc(C(F)(F)F)cc3)CCCC2)CC1,False,-1.54368653487132
442,O=c1cc(CN2CCCCc3ccccc32)[nH]c2ccnn12,False,-1.54368653487132
667,O=C1CCC(=O)N1CCN1CCCCc2ccccc21,False,-1.54368653487132
448,O=C(CSC1CCCC1)N1CCC(Cn2cccn2)CC1,False,-1.54368653487132
1289,O=C(CSC1CCCC1)N1CCC(n2ccnn2)CC1,False,-1.54368653487132
1025,Cc1noc(C)c1CCC(=O)Nc1cccnc1,False,-1.54368653487132
452,Cc1nc2cc(NC(=O)CCc3c(C)nc4c(c(C)nn4C)c3C)ccc2o1,True,-1.54368653487132
1126,COc1ccc(C(=O)Nc2ccc3oc(C)nc3c2)c(OC)c1,False,-1.54368653487132
624,Cc1nc2cc(NC(=O)Cc3c(C)nc4ccccc4c3C)ccc2o1,False,-1.54368653487132
1044,Cc1nc2cc(NC(=O)CCc3c(C)noc3C)ccc2o1,False,-1.54368653487132
461,CNC(=O)c1sc2ncccc2c1[C@H]1CC[C@H](CNC(=O)COc2ccccc2)CC1,False,-1.54368653487132
1222,CNC(=O)c1sc2ncccc2c1[C@H]1CC[C@H](CNC(=O)CCc2ccccc2)CC1,False,-1.54368653487132
804,Fc1cccc(CN2CCN(c3ncccn3)CC2)c1,False,-1.54368653487132
681,O=S(=O)(N1CCOCC1)N1CCN(Cc2ccccc2F)CC1,False,-1.54368653487132
1549,Clc1ccc(COc2cccc(N3CCNCC3)c2)cc1,False,-1.54368653487132
1614,Oc1cccc(CN2CCN(c3ncc(Br)cn3)CC2)c1,True,-1.54368653487132
470,Fc1ccccc1CN1CCN(c2ncccn2)CC1,False,-1.54368653487132
1082,Cc1cc(CN2CCN(c3ncccn3)CC2)on1,False,-1.54368653487132
507,Oc1ccc(CN2CCN(c3cccc(Cl)c3)CC2)cc1,True,-1.54368653487132
1220,Fc1ccc(CNc2nnc(-c3ccc4c(c3)OCO4)o2)cc1,True,-1.54368653487132
743,CC1(c2nnc(-c3cc(-c4ccccc4)n[nH]3)o2)CCOCC1,False,-1.54368653487132
490,Nc1nnc(-c2ccc3c(c2)OCCO3)o1,False,-1.54368653487132
495,Cn1cc(-c2nnc(NCc3ccc4ccccc4c3)o2)cn1,False,-1.54368653487132
1521,CC1(c2nnc(-c3ccc4c(c3)OCCO4)o2)CCOCC1,False,-1.54368653487132
665,CCn1nccc1CNc1nnc(-c2ccc(OC)cc2)o1,False,-1.54368653487132
1297,Cc1nccc(C2CCN(Cc3ncc[nH]3)CC2)n1,False,-1.54368653487132
506,COc1cc(CN2CCC(c3ccnc(C)n3)CC2)ccc1F,False,-1.54368653487132
691,COc1ccc(CN2CCN(c3cc(C)nc(N)n3)CC2)cc1OC,False,-1.54368653487132
522,OCCN1CCC(c2ccncn2)CC1,False,-1.54368653487132
525,COc1ncnc2c1CN(Cc1c[nH]nc1-c1ccc(F)cc1)CC2,False,-1.54368653487132
528,O=C(Cc1ccc2c(c1)CCC2)Nc1nc2ccccc2o1,True,-1.54368653487132
1788,O=C(Cc1ccc2c(c1)CCCC2)Nc1ccc(-n2cnnn2)cc1,True,-1.54368653487132
531,Cc1nc(C)c2c(C)c(C(=O)N(C)CCN3CCCC3)sc2n1,False,-1.54368653487132
710,Cc1nc(C)c2c(C)c(C(=O)N(C)Cc3ccc(C)o3)sc2n1,False,-1.54368653487132
539,CC(C)c1nc2c(n1C)CCN(C(=O)c1cccc(C(F)(F)F)c1F)C2,False,-1.54368653487132
1951,Cc1cnc(CS(=O)(=O)C2CCCC2)cn1,False,-1.54368653487132
543,O=S(=O)(Cc1csc(C2CCCC2)n1)C1CCCC1,False,-1.54368653487132
550,Nc1nc(N)c2nc(-c3cccc(O)c3)c(-c3cccc(O)c3)nc2n1,True,-1.54368653487132
553,Cc1ccc(F)cc1CNc1cc(C(=O)N(C)C)ccn1,False,-1.54368653487132
1093,Cc1cc(CNc2cc(C(=O)N(C)C)ccn2)sc1Br,False,-1.54368653487132
557,CSCC[C@@H](CO)n1ccnc1-c1oc2ccccc2c1C,False,-1.54368653487132
564,CC(C)C(=O)N1CC(Cc2nccc3ccn(C)c23)C1,False,-1.54368653487132
567,CN(C)C1=N[C@H]2[C@H](O[C@H](CO)[C@@H](O)[C@@H]2O)S1,False,-1.54368653487132
577,COc1cc(CNC(=O)NC2CCCCC2)cc(OC)c1O,False,-1.54368653487132
583,Cc1ccc2nc(C)c(-c3nc(C)nn3CCO)cc2c1,False,-1.54368653487132
596,O=C(c1ccc(Cn2nnc(-c3cccc(F)c3)n2)cc1)N1CCCC1,False,-1.54368653487132
602,Cc1nc2ccccc2c(N)c1C(=O)/C=C/c1ccccc1,False,-1.54368653487132
1579,COc1ccc(/C=C/C(=O)c2c(C)nc3ccccc3c2N)c(OC)c1,False,-1.54368653487132
1534,COc1ccc(/C=C/C(=O)c2c(C)nc3ccccc3c2N)cc1,False,-1.54368653487132
992,CC(C)(CO)NCCCCn1c2ccccc2c2ccccc21,False,-1.54368653487132
615,O=C(O)CCn1c2ccccc2c2ccccc21,False,-1.54368653487132
2006,CC1(C)CN(C(=O)c2cscn2)CCS1(=O)=O,False,-1.54368653487132
623,CC(C)n1ccc(C(=O)N2CCS(=O)(=O)C(C)(C)C2)n1,False,-1.54368653487132
1188,O=C(CCn1cncn1)N(CC#Cc1ccccc1)C1CCCC1,False,-1.54368653487132
629,Cc1nc2ncccn2c1C(=O)N(CC#Cc1ccccc1)C1CCCC1,False,-1.54368653487132
633,Fc1ccc(F)c(CN2CCN(Cc3ccc4c(c3)OCO4)CC2)c1,False,-1.54368653487132
639,CO[C@H]1CC[C@H](C(=O)NC[C@H]2CC[C@H](c3nnc(-c4nccc5ccccc45)o3)CC2)CC1,False,-1.54368653487132
645,Cc1nccn1-c1ccc(F)cc1CNC(=O)C(C)C,False,-1.54368653487132
650,CCCn1cnnc1Cn1ccnc1-c1ccc2occc2c1,False,-1.54368653487132
656,Cc1ccc(F)cc1NC(=O)c1cnc2onc(C(C)C)c2c1,False,-1.54368653487132
659,CC(C)NC(=O)c1cc(-c2ccccc2)n(-c2ccccn2)n1,False,-1.54368653487132
1916,CC(C)NC(=O)c1cn(-c2ccccc2)nc1-c1ccccc1,True,-1.54368653487132
664,CN1CCCN(c2nc(C(F)(F)F)nc3cc4c(cc23)OCO4)CC1,False,-1.54368653487132
666,Fc1cncc(-c2cnc(NCc3ccc(Cl)c(F)c3)nc2)c1,True,-1.54368653487132
1473,CCNC(=O)N1CCc2nc3ccc(F)cn3c(=O)c2C1,False,-1.54368653487132
1474,CNC(=O)N1CCc2nc3ccc(Cl)cn3c(=O)c2C1,False,-1.54368653487132
1613,O=C(NC1CCCCC1)N1CCc2nc3ccccn3c(=O)c2C1,False,-1.54368653487132
941,O=c1c2c(nc3ccccn13)CCN(S(=O)(=O)C1CCCCC1)C2,False,-1.54368653487132
669,O=C(NC1CCCC1)N1CCN(c2nccn3nc4c(c23)CCCC4)CC1,False,-1.54368653487132
670,O=C(Cc1ccccc1F)N1CCN(c2nccn3nc4c(c23)CCCC4)CC1,False,-1.54368653487132
682,COc1ccc(-c2nc(C3CCN(C(=O)c4sc(C)nc4C)CC3)[nH]c2C(N)=O)cc1,False,-1.54368653487132
1195,Cc1nc(COc2ccc(F)cc2)sc1C(=O)N1CCC(C)CC1,False,-1.54368653487132
1238,CCOc1ccccc1C(=O)N1CCC(c2nc(-c3ccc(OC)cc3)c(C(N)=O)[nH]2)CC1,False,-1.54368653487132
692,CCN(C(C)=O)c1ccc(C)cc1C(=O)O,False,-1.54368653487132
695,CC(C)c1nnc(-c2ccc(-c3ccccc3)nc2)n1-c1cccc2nonc12,False,-1.54368653487132
698,Cc1cc(CNc2ncc(C(F)(F)F)cc2Cl)no1,False,-1.54368653487132
704,CN(CC(=O)Nc1cc(F)cc(F)c1)c1ccnc(C(N)=O)c1,False,-1.54368653487132
709,CN(C)c1ccc(Cn2c(=O)[nH]c3ccccc3c2=O)cn1,True,-1.54368653487132
717,Cc1sc(NC(=O)CN2CCOC(C3CCCO3)C2)c(C)c1C,False,-1.54368653487132
1047,O[C@@H]1CO[C@H]2C[C@@H]1Nc1c(Cc3ccccc3)cccc12,False,-1.54368653487132
719,O[C@@H]1CO[C@H]2C[C@@H]1Nc1c(-c3ccccc3)cccc12,False,-1.54368653487132
729,CCCCCNC(=N)N/N=C/c1c[nH]c2ccc(OC)cc12,False,-1.54368653487132
731,Cn1c(=O)n(C)c2cc(CN3CCC(c4ccc(Cc5ccccc5F)cn4)CC3)ccc21,False,-1.54368653487132
1271,CCOC(=O)c1cc2ccccc2n1CC(=O)c1ccc(F)cc1,True,-1.54368653487132
1911,CCOc1ccc(C(=O)Cn2c(=O)n(-c3ccc(F)cc3)c3nc(C)nc(C(N)=O)c32)cc1,True,-1.54368653487132
735,COc1ccc(C(=O)Cn2c(=O)n(-c3ccccc3F)c3nc(C)nc(C(N)=O)c32)cc1,True,-1.54368653487132
740,Cc1cnn(Cc2nnc(-c3ccccc3)s2)c1,False,-1.54368653487132
745,Cc1nnsc1CN(C)c1ccc2cc[nH]c2n1,False,-1.54368653487132
748,COc1ccc(NC(=O)c2snnc2C)c(OC)c1,True,-1.54368653487132
811,CCN(C(=O)c1cc(NC(C)=O)ccc1F)C1CCCC1,False,-1.54368653487132
2140,O=C(Nc1ccc(Cl)cc1)C(=O)N(C1CCCC1)C1CC1,False,-1.54368653487132
750,CC(=O)N1CCCN(C(=O)Nc2ccc(N(C)C3CCCCC3)c(F)c2)CC1,False,-1.54368653487132
1026,CCCN1CCCN(c2ncccc2C#N)CC1,False,-1.54368653487132
988,CCC1(O)CN(c2ncccc2C#N)C1,False,-1.54368653487132
758,CCC1(O)CN(c2ncnc3c2c(Br)nn3C)C1,False,-1.54368653487132
767,CC(C)(C)Sc1c(CC(C)(C)C(=O)O)n(Cc2ccc(Cl)cc2)c2ccc(OCc3ccc4ccccc4n3)cc12,True,-1.54368653487132
772,Cc1cc(C)c(CC(=O)N2CC(CO)C2)c(C)c1,False,-1.54368653487132
1375,O=C(Cc1cccc(I)c1)N1CC(CO)C1,False,-1.54368653487132
779,Nc1ccc(Oc2ccccc2F)nc1,False,-1.54368653487132
795,COc1ccnc(N2CC(n3nc(C)cc3C)C2)n1,False,-1.54368653487132
1212,CC1(C)CN(C(=O)c2cncc(Br)c2)CCO1,False,-1.54368653487132
798,Cc1cc(C(=O)N2CCOC(C)(C)C2)cc(C)c1OCc1cccnc1,False,-1.54368653487132
809,O=C(NCC(=O)N1CCN(C2CC2)CC1)c1ccccc1,False,-1.54368653487132
813,CC(C)c1cc(C(=O)N2Cc3ccc(CN4CCN(C)CC4)cc3C2)c(O)cc1O,False,-1.54368653487132
816,CC(=O)Nc1ccc(C(=O)N2CCc3ncncc3C2)cc1,False,-1.54368653487132
820,CC(C)N1CCC(O)(c2ccccc2F)CC1,False,-1.54368653487132
830,O=C(Nc1ccc(C(=O)O)c(O)c1)c1ccc(NC(=O)c2cccs2)cc1,False,-1.54368653487132
833,CC(C)CN1C(=O)C(=O)N(Cc2ccccn2)C1=O,False,-1.54368653487132
1939,Cc1ccc(C)c(CN2C(=O)C(=O)N(CC(C)C)C2=O)c1,True,-1.54368653487132
840,O=C(O)c1nc(-c2ccccc2)oc1-c1ccccc1,False,-1.54368653487132
848,O=C(O)c1ccc(Nc2ncc3c(n2)-c2ccc(Cl)cc2C(c2c(F)cccc2F)=NC3)cc1,False,-1.54368653487132
1076,COc1cc(Nc2ncc3c(n2)-c2ccc(Cl)cc2C(c2c(F)cccc2OC)=NC3)ccc1C(=O)O,False,-1.54368653487132
859,Fc1ccc(NCc2cccc(OCCN3CCOCC3)c2)nc1,False,-1.54368653487132
868,Cc1ccc(C)c2c(O)cc(CN3CC(c4ccccn4)C3)nc12,False,-1.54368653487132
874,N#CCCN(C(=O)c1sccc1C#N)C12CC3CC(CC(C3)C1)C2,True,-1.54368653487132
1142,N#CCCN(C(=O)c1cccs1)C12CC3CC(CC(C3)C1)C2,True,-1.54368653487132
883,CC1(C)Cc2cc(CN3CCC4(CC3)NC(=O)N(Cc3ccccc3)C4=O)ccc2O1,False,-1.54368653487132
887,Nc1nncc(-c2ccccc2OC(F)F)n1,False,-1.54368653487132
891,CC1CCN(CC(=O)Nc2nc(-c3c[nH]c4ccccc34)cs2)CC1,True,-1.54368653487132
897,Cc1nc(N2CCc3c(ncn3C)C2)c2c(C)c(C)sc2n1,False,-1.54368653487132
908,O=C(CCc1cc2ccccc2o1)N1CCN(c2cnccn2)CC1,False,-1.54368653487132
915,COc1ccccc1-c1nn(-c2ccccc2)cc1CO,False,-1.54368653487132
919,NCc1cccnc1OCc1ccccc1,False,-1.54368653487132
922,O=C(CN1CCOC(c2ccc(F)cc2)C1)Nc1ccccc1OC(F)F,False,-1.54368653487132
1023,O=C(CCc1ccco1)Nc1ccccc1OC(F)F,False,-1.54368653487132
930,O=C1N=C2C=CC=CN2C12Cc1ccccc1C2,False,-1.54368653487132
934,N[C@H](Cc1c[nH]c2ccccc12)C(=O)N/N=C/c1ccc2nccnc2c1,False,-1.54368653487132
939,Cc1c(C)n(Cc2ccccc2)c2ncnc(N)c12,False,-1.54368653487132
940,CCCCc1c(C)[nH]c2nc(N(Cc3cccs3)C(C)=O)nn2c1=O,False,-1.54368653487132
948,COc1ccc(-c2cn3c4ccccc4nc3n2CCO)cc1,False,-1.54368653487132
954,N#Cc1cccc(-c2ccc(=O)n3c2[C@@H]2C[C@@H](CN(Cc4cccs4)C2)C3)c1,False,-1.54368653487132
1453,N#Cc1cccc(-c2ccc(=O)n3c2[C@@H]2C[C@@H](CN(Cc4ccc(F)cc4)C2)C3)c1,False,-1.54368653487132
967,CCc1nnc(Oc2cccnc2)c(C#N)c1CC,False,-1.54368653487132
976,CC(C)(C)C[C@@H]1COCc2nc(OCc3ccccn3)cc(=O)n21,False,-1.54368653487132
981,CC(C)Cc1sc(N)nc1-c1ccc(P(=O)(O)O)o1,False,-1.54368653487132
984,Cc1ccccc1CSc1ccc(-c2ccccn2)nn1,True,-1.54368653487132
990,O=C1CC[C@H](O)[C@@H](c2cccc(Cl)c2)N1Cc1ccccc1,False,-1.54368653487132
993,Cn1c(=O)n(C2CCCC2)c(=O)c2c(F)cccc21,False,-1.54368653487132
1276,CCN1CCc2nc(NC(=O)Cc3ccc(Cl)cc3)sc2C1,False,-1.54368653487132
997,CN1CCc2nc(NC(=O)c3cncn3-c3ccccc3)sc2C1,False,-1.54368653487132
1213,CN1CCc2nc(NC(=O)c3ccc(Cl)s3)sc2C1,False,-1.54368653487132
1343,CCN1CCc2ncnc(N(C)Cc3ccc4c(c3)OCCO4)c2C1,False,-1.54368653487132
1367,COc1cccc(CN(C)c2ncnc3c2CN(C)CC3)c1,False,-1.54368653487132
1007,CNC(=O)c1cccc(Oc2ncnc3c2CN(C)CC3)c1,False,-1.54368653487132
1321,CC(=O)N1CCC(Cn2ccnc2-c2cc3ccccc3s2)CC1,False,-1.54368653487132
1013,Cn1cnnc1CCn1ccnc1-c1cc2ccccc2s1,False,-1.54368653487132
1022,CN1CC(=O)N(CCCC(=O)Nc2cccc(C#Cc3cccs3)c2)C1=O,False,-1.54368653487132
1030,COc1cc(CNCCN2CCOCC2)cc(Cl)c1OCc1ccccc1,False,-1.54368653487132
1034,Cc1ccc(-n2ccnc2-c2ccoc2)c2cccnc12,False,-1.54368653487132
1042,Cc1nc(N)c2c(C(F)(F)F)cc(C3CCN(C(=O)Cc4ccc(F)cc4)CC3)nc2n1,False,-1.54368653487132
1049,Cc1cc(F)ccc1CC(=O)N[C@@H]1CCOC[C@H]1OCCO,False,-1.54368653487132
1052,Cc1nccn1-c1cncc(N2CCN(CC3CCCC3)C(=O)C2)n1,False,-1.54368653487132
1058,COc1c(N)ncnc1N1CCCC(C)(C)CC1,False,-1.54368653487132
1062,O=C1CCCN1c1ccc(NCc2ccccn2)nc1,False,-1.54368653487132
1068,OCCCCCn1cc(-c2ccccc2-c2ccco2)nn1,False,-1.54368653487132
1075,CCOC(=O)Nc1ccc2c(c1)N(C(=O)CN(CC)CC)c1ccccc1CC2,False,-1.54368653487132
1083,CCc1nnc2n1CCN(C(=O)c1ccccc1Oc1cccnc1)C2,False,-1.54368653487132
1086,Cc1cc(N(C)C)nc(N(C)Cc2csc(C)n2)n1,False,-1.54368653487132
1089,Cc1cnn(C2CN(CC3(O)CCCCC3)C2)c1,False,-1.54368653487132
1092,N#CCSCC(=O)NC1CCCCCC1,False,-1.54368653487132
1097,Brc1cc2c(cc1Cn1cncn1)OCCCO2,False,-1.54368653487132
1103,CCCN(CC)c1ccc(C(=O)N2CCCN(C(C)=O)CC2)cc1,False,-1.54368653487132
1109,CC(/C=C/C(=O)NO)=C\[C@@H](C)C(=O)c1ccc(N(C)C)cc1,False,-1.54368653487132
1116,O=c1ccc(-c2ccc(F)cc2)nn1Cc1ccncc1,False,-1.54368653487132
1269,Cc1ccc(-c2ccc(=O)n(Cc3ccncc3)n2)cc1,False,-1.54368653487132
1125,COc1cc2ncnc(Nc3ccc(F)c(Cl)c3)c2cc1OCCCN1CCOCC1,False,-1.54368653487132
1134,C=CCN(Cc1cccnc1)c1nc(C)nc2sccc12,False,-1.54368653487132
1139,O=c1ncn2nc(Sc3ccc(F)cc3F)ccc2c1-c1c(Cl)cccc1Cl,False,-1.54368653487132
1140,Cc1ccc(CN(C)C(=O)c2cn(Cc3ccccc3F)nn2)cc1,False,-1.54368653487132
1962,CCn1c(=O)c2c(nc3n2CCN3c2cc(C)cc(C)c2)n(C)c1=O,True,-1.54368653487132
1570,CC(C)CCN1CCn2c1nc1c2c(=O)n(C)c(=O)n1C,False,-1.54368653487132
2123,CCCn1c(=O)c2c(nc3n2CCN3c2ccc(C)cc2)n(C)c1=O,True,-1.54368653487132
1149,Cn1c(=O)c2c(nc3n2CCN3Cc2c(F)cccc2Cl)n(C)c1=O,True,-1.54368653487132
1160,COc1cc(C(=O)O)c(N)c(OC)c1OC,False,-1.54368653487132
1165,COc1cccc(CN2Cc3ccccc3OC3(CCOCC3)C2)c1,False,-1.54368653487132
1169,Cc1n[nH]c(C)c1CCC(=O)N1CCOCC1,False,-1.54368653487132
1173,Cc1cnc(Cl)nc1-c1ccc(N(Cc2ccc(CNC(=O)C(F)F)cc2)C(=O)c2ccc(O)cc2O)cc1,False,-1.54368653487132
1249,O=C(O)c1c2ccccc2nn1Cc1ccccc1,False,-1.54368653487132
1178,Cc1nc2ccccc2n1Cc1ccc(C(=O)O)cc1,False,-1.54368653487132
1187,Cc1ccc2c(c1)cc(CNCCc1ccccc1)c1nnnn12,False,-1.54368653487132
1206,Fc1cccc(CCNCc2cc(-c3ccccc3)cn3nnnc23)c1,False,-1.54368653487132
1198,COC(=O)c1cc(F)c(C)c(NC(=O)CCCc2ccccn2)c1,False,-1.54368653487132
1205,COC(=O)[C@@H]1Cc2ncn(Cc3ccccc3)c2CN1C(C)=O,False,-1.54368653487132
1209,c1ccc(C(c2ccccc2)c2noc(Cn3cnc(C4CC4)n3)n2)cc1,False,-1.54368653487132
1215,Cc1cccc(N(C)C(=O)COC2CCCC2)n1,False,-1.54368653487132
1223,Cc1cc(NCc2ccnc(N3CCCC3)c2)c2ccccc2n1,False,-1.54368653487132
1230,Cc1nn(C)c2ncnc(N(C)Cc3cccc(Cl)c3)c12,False,-1.54368653487132
1237,Cc1cc2cc(C(=O)N(Cc3ccc4c(c3)OCO4)C3CC3)ccc2o1,False,-1.54368653487132
1244,CCc1noc(-c2ccc(CCN)cc2)n1,False,-1.54368653487132
1252,CCOc1ccc(C(=O)Nc2cc(C(=O)OC)ccc2N2CCN(C(C)=O)CC2)cc1,True,-1.54368653487132
1263,Cc1cc(N(C)C)nc(-n2cnc(C#N)n2)n1,False,-1.54368653487132
1255,Cc1cc(N(C)C)nc(-n2ccnc2)n1,False,-1.54368653487132
1264,N#CC1(CN2CCc3cc(-c4ccccc4)oc3C2)CC1,False,-1.54368653487132
1272,Cn1cc(C(=O)N2CCC(c3cc(C(F)(F)F)c4c(n3)CCNC4=O)CC2)ccc1=O,False,-1.54368653487132
1513,CN1CCC(C(=O)N2CCC(c3cc(C(F)(F)F)c4c(n3)CCNC4=O)CC2)CC1,False,-1.54368653487132
1281,O=C1CCCc2c1[nH]c1cc(-n3ccnc3-c3ccncc3)ccc21,True,-1.54368653487132
1684,Cc1ccn(-c2ccc3[nH]c4c(c3c2)CCCC4=O)n1,True,-1.54368653487132
1285,c1ccc(-n2ncc3c(-n4ccnc4)ncnc32)cc1,True,-1.54368653487132
1300,O=C1CCCN1C(=O)COc1cccc(-c2nnco2)c1,False,-1.54368653487132
1304,O=c1[nH]c2cnccc2n1Cc1ccccc1,False,-1.54368653487132
1306,Clc1ccc(Cc2nc(-c3ccccc3)n[nH]2)cn1,False,-1.54368653487132
1309,CCC(=O)N1CCCc2cc(C(O)CN3CCN(c4ccc(OC)cc4)CC3)ccc21,False,-1.54368653487132
1322,Cc1nc(CN2C[C@@H](c3ccc4c(c3)OCO4)[C@@H]3[C@H]2C2CCN3CC2)co1,False,-1.54368653487132
1332,COc1ccc2nc(NCc3cnn(C)c3)ccc2c1,False,-1.54368653487132
1342,Cc1n[nH]c(-c2c(C)c3cc(F)ccc3n2C)n1,False,-1.54368653487132
1348,O=C(OCc1cc(Cl)ccn1)c1ccc2[nH]c(C(F)F)nc2c1,False,-1.54368653487132
1736,CONC(=O)c1cn(-c2ccc(Br)cc2)cn1,False,-1.54368653487132
1350,N#CCN(C(=O)c1cn(-c2ccc(Br)cc2)cn1)C1CC1,False,-1.54368653487132
1358,Cc1ccnc(C2CCN(C3CCCC3)CC2)n1,False,-1.54368653487132
1368,CCONC(=O)c1sc(C)nc1C,False,-1.54368653487132
1376,Cc1nc(NC2(c3cccc(Cl)c3)CC2)c2c(C)noc2n1,False,-1.54368653487132
1379,CCCN1CCn2nc(-c3nc4cc(OC)ccc4[nH]3)cc2C1,False,-1.54368653487132
1385,COc1cccc(-c2cccc(N)n2)c1F,False,-1.54368653487132
1400,O=C(NC1CCCCCC1)c1ccc(-c2cnco2)cc1,True,-1.54368653487132
1407,Cc1csc(Nc2ccc(C#N)cc2)n1,False,-1.54368653487132
1416,Cc1noc(-c2ccc(-c3ccc(CC(=O)O)cc3)cc2)c1NC(=O)O[C@H](C)c1ccccc1Cl,False,-1.54368653487132
1604,c1cc(CC2CCNCC2)c2cccnc2c1,False,-1.54368653487132
1422,Cn1nc(C2CCNCC2)c2cccnc21,False,-1.54368653487132
1428,CCc1nc(C(N)=O)c(Nc2ccc(N3CCC(N4CCN(C)CC4)CC3)c(OC)c2)nc1NC1CCOCC1,False,-1.54368653487132
1432,Cc1ccc(-c2ccnc(O)c2C#N)cc1,False,-1.54368653487132
1440,O=C(Nc1cccnc1)c1ccccc1Cc1ccccc1,False,-1.54368653487132
1446,CN(C)CCNc1c2c(c(C#N)c3nc4ccccc4n13)CCCC2,False,-1.54368653487132
1452,Cn1cc(CCNc2cncc(Br)c2)cn1,False,-1.54368653487132
1457,Cc1nnnn1CCN(C)c1ccccc1,False,-1.54368653487132
2074,Cc1nnnn1CCCc1ccccc1,True,-1.54368653487132
1477,CS(=O)(=O)c1ccc(-c2cnc(NCc3ccco3)n3cnnc23)cc1,False,-1.54368653487132
1487,Cc1cc2ccccc2n1CC(=O)N1CCc2ccc(O)cc2C1,False,-1.54368653487132
1493,Cn1cc(-c2ccc3nnc(C(F)(F)c4ccc5ncccc5c4)n3n2)cn1,False,-1.54368653487132
1497,O=C(O)c1cc(/N=N/c2ccc(S(=O)(=O)Nc3ccccn3)cc2)ccc1O,False,-1.54368653487132
1502,COc1cccc(OCCCN)c1-c1cc(Nc2cnc(C#N)cn2)n[nH]1,False,-1.54368653487132
1509,CC(C)(C)c1nccc(NCc2ccncc2)n1,False,-1.54368653487132
1518,Cc1nc(CN(C)C(=O)C2c3ccccc3-c3ccccc32)no1,False,-1.54368653487132
1530,CC(=O)N1CCCN(C(=O)Cc2csc(C(C)C)n2)CC1,False,-1.54368653487132
1540,c1cc2c(N3CCNCC3)nc(-c3ccnc(NC4CCCCC4)c3)cc2cn1,False,-1.54368653487132
1545,CC(=O)Nc1ccc(S(=O)(=O)NC2=NCN(Cc3ccccc3)CN2)cc1,False,-1.54368653487132
1552,Cc1cccc2cc(C(=O)NCCSc3nccn3C)n(C)c12,False,-1.54368653487132
1554,O=C(O)c1cc2cc(O)c(O)cc2c(C(=O)c2ccc(O)c(O)c2)n1,False,-1.54368653487132
1560,COc1cc(-c2ccc(C)s2)cc2c1OCCN(c1noc(C)n1)C2,True,-1.54368653487132
1566,Cn1cc(C(=O)N2CCC(CC(=O)O)CC2)cn1,False,-1.54368653487132
1578,CN1CCC[C@@H]1CCO[C@](C)(c1ccccc1)c1ccc(Cl)cc1,False,-1.54368653487132
1587,CNCCN1CCC(OCc2ccccc2)CC1,False,-1.54368653487132
1589,CNc1nc(C2CCNCC2)nc2c1CN(C)CC2,False,-1.54368653487132
2018,CC1(COc2ccc3c(c2)ncn3-c2ccc3cccc(OS(=O)(=O)C(F)(F)F)c3n2)COC1,True,-1.54368653487132
1749,COCCOc1ccc2c(c1)ncn2-c1ccc2cccc(N3CCC(N)CC3)c2n1,False,-1.54368653487132
1599,CC1(COc2ccc3c(c2)ncn3-c2ccc3cccc(N4CCC(N)CC4)c3n2)COC1,False,-1.54368653487132
1610,Nc1ccnn1Cc1ccc(Cl)c(F)c1,False,-1.54368653487132
1617,CN(Cc1c(F)cccc1Cl)C(=O)C1(C#N)CCCC1,False,-1.54368653487132
2110,COc1ccc(CN(C)C(=O)C2(C#N)CCC2)cc1,False,-1.54368653487132
1636,Cc1cc(Cl)c(OCCCN2CCNCC2)c(Br)c1,False,-1.54368653487132
1641,c1ccc(Cc2cccc3cc4c(nc23)OCCNC4)cc1,False,-1.54368653487132
1644,CCCc1cc(-c2nn3c(C4CCCC4)nnc3s2)n(C)n1,False,-1.54368653487132
1734,CCCc1nnc2sc(-c3cc(C(C)C)nn3C)nn12,False,-1.54368653487132
1652,CNc1nc(N2CCCCC2)nc(N2CCCCC2)n1,False,-1.54368653487132
1909,C1CCN(c2nc(NC3CC3)nc(N3CCCCC3)n2)CC1,True,-1.54368653487132
1664,C[C@@H](CN1CCC2(CC1)C(=O)NCN2c1cccc(F)c1)NC(=O)c1ccc(Br)cc1,True,-1.54368653487132
1667,c1ccc(-c2ccc(Cn3ccnc3-c3cc4n(n3)CCCNC4)cc2)cc1,True,-1.54368653487132
1672,O=C(c1ccc(F)cc1)N1Cc2nc[nH]c2C[C@H]1c1nc(-c2ccc(Cl)cc2)no1,False,-1.54368653487132
1678,COc1cc2c(c(OC)c1OC)CCNC(=O)C2,False,-1.54368653487132
1686,CSCC(=O)N1CCc2[nH]nc(-c3cccc(F)c3)c2C1,False,-1.54368653487132
1701,C#CCN1CCN(C(=O)CCS(C)(=O)=O)CC1,False,-1.54368653487132
1709,c1ccc(-n2cnc3cc(NCc4ccccn4)ccc32)cc1,False,-1.54368653487132
1717,CC(=O)n1c(/C=C2/N=C(c3ccc(F)cc3)OC2=O)cc2ccccc21,True,-1.54368653487132
1998,COc1ccc(C2=N/C(=C/c3cc4ccccc4n3C(C)=O)C(=O)O2)cc1,True,-1.54368653487132
1730,CCS(=O)(=O)CC(=O)Nc1cc(C)ccc1C,False,-1.54368653487132
1733,CCN(C(=O)CO)[C@H]1CN(/C(=N\C#N)Nc2cccc(OC(F)F)c2)N=C1c1ccc(Cl)c(Cl)c1,True,-1.54368653487132
1739,COc1ncc(-c2cccc(N(C)C)c2)c(OC)n1,False,-1.54368653487132
1746,CN(Cc1ccc(-c2ccc(Br)cc2)o1)C(=O)c1cnn(C)c1,True,-1.54368653487132
1756,Cc1nc2ccc(C(=O)NCCCc3ccc(F)cc3)cc2[nH]1,False,-1.54368653487132
2037,Cc1nc2ccc(C(=O)NCCCN3Cc4ccccc4C3)cc2[nH]1,False,-1.54368653487132
1767,CC(=O)NC1(c2ccc(F)cc2)CCN(Cc2ccc(OC3CCCC3)cc2)CC1,False,-1.54368653487132
1773,O=C1NCN(c2ccccc2)C12CCN(CCCOc1ccc(F)cc1)CC2,False,-1.54368653487132
1777,Cc1ccc(F)cc1C(=O)N1CCc2c(nc(-c3ccccn3)nc2N(C)C)C1,False,-1.54368653487132
1781,CCCc1nc2nc(C)c(NS(=O)(=O)c3ccc(C4CCCCC4)cc3)c(O)n2n1,False,-1.54368653487132
1786,Cc1ccc(-c2ccc3c(ccc4sc5c(c43)NC[C@@H](C)NC5=O)n2)cn1,True,-1.54368653487132
1791,CCCS(=O)(=O)Nc1ccc(F)c(C(=O)c2c[nH]c3ncc(-c4ccc(Cl)cc4)cc23)c1F,True,-1.54368653487132
1794,O=C(Nc1ccc(Cl)cn1)C1(c2cccc(Cl)c2)CC1,True,-1.54368653487132
1796,COc1cccc2cc(C(N)=S)/c(=N/Nc3ccccc3)oc12,True,-1.54368653487132
2020,Cc1cccc2cc(C(N)=S)/c(=N/Nc3ccccc3)oc12,True,-1.54368653487132
1802,CC(C)S(=O)(=O)c1ccc2nccc(Nc3ccc4scnc4c3)c2c1,False,-1.54368653487132
1805,c1ccc(Cc2ccccc2-c2nnc(-c3cccnc3)o2)cc1,True,-1.54368653487132
1808,N#C/C(=C\c1cnn(Cc2ccccc2)c1)c1nc2cc(Cl)ccc2c(=O)[nH]1,True,-1.54368653487132
1812,O=C(O)c1ccc(-c2c[nH]c3ncc(-c4ccccc4)cc23)cc1C1CCCC1,True,-1.54368653487132
1821,COc1cc2ncn(-c3cc(OCc4ccccc4S(C)(=O)=O)c(C#N)s3)c2cc1OC,True,-1.54368653487132
1823,N#Cc1ccnc(Nc2cc(C3CCN(C4COC4)CC3)cc(N3CCC(F)(F)C3)n2)c1,True,-1.54368653487132
1826,CCOC(=O)C1CCN(C(=O)c2cc3occc3c(Nc3ccc(F)cc3)n2)CC1,True,-1.54368653487132
1833,NCC(=O)Nc1ccc(-n2nc(C(F)(F)F)cc2-c2ccc3c(ccc4ccccc43)c2)cc1,True,-1.54368653487132
1840,c1ccc2c(c1)nnn2Cc1ccc2c(c1)OCO2,True,-1.54368653487132
1850,CNC(=O)c1ccc(/C=C/c2nc3cc(Cl)ccc3o2)cc1,True,-1.54368653487132
2046,Clc1ccc2oc(/C=C/c3csnn3)nc2c1,True,-1.54368653487132
1857,Oc1cccc(/C=C/c2nc3ccccc3o2)c1,True,-1.54368653487132
1860,CN(C(=O)CNC(=O)c1ccccc1OCC(=O)Nc1ccc(Br)cc1)c1ccccc1,True,-1.54368653487132
1868,CN1CCN(C2=c3ccccc3=Nc3ccc(Cl)cc3N2)CC1,False,-1.54368653487132
1871,Cn1cc(-c2ccnc(/C=C/c3ccc(F)cc3Br)n2)cn1,True,-1.54368653487132
1876,CC(C)c1ccccc1OC(=O)NCCc1ccc2ccccc2c1,True,-1.54368653487132
1878,Cc1nnc(-c2ccccc2NCc2ccsc2)o1,True,-1.54368653487132
1884,COc1ccc2c(-c3ccccc3)cc3nnnn3c2c1,True,-1.54368653487132
1889,COc1ccccc1NC(=O)CSc1nc(C(C)(C)C)nc2ccccc12,True,-1.54368653487132
1894,Cc1ccc(S(=O)(=O)Nc2ccc3c(c2)c(C(=O)C(F)(F)F)cn3CC(=O)N[C@@H](CC(C)C)C(=O)O)cc1,False,-1.54368653487132
1897,CC(C)(O)CNc1nc(Nc2ccnc(C(F)(F)F)c2)nc(-c2cccc(C(F)(F)F)n2)n1,True,-1.54368653487132
1902,c1ccc(CNc2nn3nnnc3c3ccccc23)cc1,True,-1.54368653487132
1904,CS(=O)(=O)N1CCc2c(cccc2NC(=O)c2ccc(F)cc2)C1,True,-1.54368653487132
1913,Cc1cccc(CNc2cccc3c2CCN(S(C)(=O)=O)C3)c1,True,-1.54368653487132
1922,COc1cc(OC)cc(-n2c(S)nnc2COc2cccc3ccccc23)c1,True,-1.54368653487132
1931,COc1cccc(-n2c(S)nnc2COc2cccc3ccccc23)c1,True,-1.54368653487132
2133,N#Cc1ccc(OCc2nnc(S)n2-c2ccccc2)cc1,False,-1.54368653487132
1934,Cc1csc(-c2nnc(Nc3ccc(Oc4ncccc4-c4ccnc(N)n4)cc3)c3ccccc23)c1,True,-1.54368653487132
1944,NCC(=O)Nc1ccc2[nH]c(=O)[nH]c2c1,False,-1.54368653487132
1943,NCCC(=O)Nc1ccc2[nH]c(=O)[nH]c2c1,False,-1.54368653487132
1952,Cc1cccc2c(=O)n(CCC(=O)Nc3cc(C4CC4)n[nH]3)cnc12,True,-1.54368653487132
2086,O=C(CCCNC(=O)NC1CCCCC1)Nc1cc(C2CC2)n[nH]1,False,-1.54368653487132
1959,Cc1ccc(N/N=C2\C(=O)N(C)N=C2Nc2ccccc2Cl)cc1,True,-1.54368653487132
1963,C=C[C@H]1CN2CCC1C[C@H]2[C@H](O)c1ccnc2ccc(OC)cc12,False,-1.54368653487132
1967,Cc1cccc(N(C)C(=S)Oc2ccc3ccccc3c2)c1,True,-1.54368653487132
1968,COCCOc1ccc(N2CCN(CCn3ncc4c3nc(N)n3nc(-c5ccco5)nc43)CC2)cc1,True,-1.54368653487132
1972,CCN(CC)CCCNc1c2c(nc3ccccc13)CCC2,False,-1.54368653487132
1976,CCOC(=O)c1ccc(S(=O)(=O)N2CCc3cc(C(=O)OC)ccc32)cc1,True,-1.54368653487132
1981,COC(=O)c1ccc2c(c1)CCN2S(=O)(=O)c1ccc(Cl)c(C(F)(F)F)c1,True,-1.54368653487132
1988,N#Cc1c(N)nc(-c2ccccc2)nc1C(F)(F)F,True,-1.54368653487132
1994,O=c1sn(-c2cccc3ccccc23)c(=O)n1Cc1ccccc1,True,-1.54368653487132
1996,Cc1[nH]ncc1-c1nn2c(Cc3ccccc3Cl)nnc2s1,True,-1.54368653487132
2003,Cc1ncc(CN(C)c2nnc(C)c(C)c2C#N)s1,False,-1.54368653487132
2008,COc1cccc(-c2nnn(-c3ncnc4sc5c(c34)CCC5)n2)c1,True,-1.54368653487132
2013,N=C1/C(=C\c2ccco2)C(=O)N=C2Sc3ccccc3N12,True,-1.54368653487132
2016,CCn1nccc1-c1n[nH]c(=O)n1Cc1ccccc1,False,-1.54368653487132
2023,COCC(=O)N1CCN2C(=O)NC[C@H]2C1,False,-1.54368653487132
2024,CC(C)Oc1ccc(C(=O)Nc2cccc(-c3nc4cnccc4o3)c2)cc1,True,-1.54368653487132
2027,CC(=O)N[C@H]1/C(=N\OC(=O)Nc2ccccc2)O[C@H](CO)[C@H](O)[C@@H]1O,False,-1.54368653487132
2031,CN(C)c1nc(-c2cccc(-c3ccccc3)c2)n[nH]1,True,-1.54368653487132
2038,CC(Sc1nc2c(cnn2-c2ccccc2)c(=O)[nH]1)C(N)=O,True,-1.54368653487132
2081,CC1=C(C(=O)OCc2ccc3c(c2)OCO3)C(c2ccccc2)NC(=O)N1,True,-1.54368653487132
2047,COc1cccc(C2NC(=O)NC(C)=C2C(=O)OCc2ccc3c(c2)OCO3)c1,False,-1.54368653487132
2057,N#CCN(CN1C(=O)CC2(CCCC2)C1=O)C1CC1,False,-1.54368653487132
2070,CCOc1ccccc1NC(=O)C(=O)NCc1ccccc1F,True,-1.54368653487132
2076,Fc1cccc(Oc2nnnn2-c2ccccc2)c1,False,-1.54368653487132
2079,CCc1cc2c(=O)[nH]c(-c3ccccn3)nc2s1,False,-1.54368653487132
2171,Cc1nonc1C(=O)NCCc1c[nH]c2cccc(C3(O)CCOCC3)c12,False,-1.54368653487132
2085,O=C(NCCc1c[nH]c2cccc(C3(O)CCOCC3)c12)c1cccs1,False,-1.54368653487132
2098,O=C(NC(CO)C(O)c1ccc([N+](=O)[O-])cc1)C(Cl)Cl,False,-1.54368653487132
2104,Nc1nc(NCCNc2ncc(-c3ncc[nH]3)c(-c3ccc(Cl)cc3Cl)n2)ccc1[N+](=O)[O-],False,-1.54368653487132
2108,N#Cc1cc(-c2ccccc2)sc1N,True,-1.54368653487132
2112,CNCC(=O)Nc1cc(Cl)c(OCCOC)c(Cl)c1,False,-1.54368653487132
2121,CN(C)CCn1ccc2cc(NC(=O)c3ccc(=O)[nH]n3)ccc21,False,-1.54368653487132
2134,CSCc1noc(COc2ccc(F)cc2F)n1,False,-1.54368653487132
2141,CC(C)NS(=O)(=O)c1ccc2c(c1)oc(=O)c1cc(S(=O)(=O)NC(C)C)ccc12,True,-1.54368653487132
2145,O=C(Nc1ccc(-c2nnn[nH]2)cc1)c1cc(COc2ccc(F)cc2)on1,False,-1.54368653487132
2159,CC(C)(O)[C@H]1O[C@H]2CC[C@@]3(C)[C@@](O)(CC[C@H]4Cc5c([nH]c6ccccc56)[C@@]43C)C2=CC1=O,True,-1.54368653487132
2163,N#CCn1c(C(=O)O)cc2ccccc21,False,-1.54368653487132
2168,Cc1cc(C)cc(C(=O)NCCCNc2ncccn2)c1,False,-1.54368653487132
2051,CC(C)(C)OC(=O)N1CCNC(=O)C1,False,-1.54368653487132
2068,O=C(Cc1csc(-c2ccc(F)c(F)c2)n1)NCC(F)(F)F,True,-1.54368653487132
2114,c1ccc2[nH]c(C3CCNCC3)nc2c1,False,-1.54368653487132
2117,NC(=O)Cc1nc(-c2ccc(Cl)cc2Cl)cs1,False,-1.54368653487132
2126,Cc1ccc(C(=O)Nc2nc3ccccc3[nH]2)cc1,True,-1.54368653487132
2127,O=C(Nc1nc2ccccc2[nH]1)c1cccnc1,True,-1.54368653487132
2128,Cn1c(NC(=O)C2CC2c2ccc(Cl)cc2)nc2ccccc21,True,-1.54368653487132
2130,O=C(Nc1nc2ccccc2[nH]1)c1ccccc1,True,-1.54368653487132
2131,O=C(Nc1nc2ccccc2[nH]1)C1CC1c1ccccc1,True,-1.54368653487132
2132,COc1ccc(-c2csc(CC(N)=O)n2)cc1Br,False,-1.54368653487132
2138,O=C(COc1ccc(F)cc1F)N1CCNC1=O,False,-1.54368653487132
2142,COC(=O)Nc1nc2ccccc2[nH]1,True,-1.54368653487132
2158,O=C(Nc1nc2ccccc2[nH]1)c1cc(Cl)ccc1Cl,True,-1.54368653487132
143,c1ccc(-c2n[nH]c(C3CCN(c4ccccn4)CC3)n2)cc1,False,-1.54368653487132
153,NCc1cccc(C(=O)N2CCCC2)c1,False,-1.54368653487132
154,Cc1ncsc1CN1CCCN(c2nc3ccccc3[nH]2)CC1,False,-1.54368653487132
157,CNC(=O)c1ccc(N2CCCC2)nc1,False,-1.54368653487132
179,CCc1nnc(NC(=O)Cc2cccc(F)c2)s1,False,-1.54368653487132
193,C[C@@H](C(=O)N1CCCC1)N1CCC(n2c(=O)[nH]c3ccccc32)CC1,False,-1.54368653487132
197,CC(C)(C)c1csc(NC(=O)C2CC2)n1,False,-1.54368653487132
220,CCN(C(=O)CN1CCNC(=O)C1)c1ccc(F)cc1,False,-1.54368653487132
224,CNC(=O)Cc1csc(-c2ccc(C)cc2)n1,True,-1.54368653487132
250,c1cnc(N2CCC(Cc3ccncc3)CC2)nc1,False,-1.54368653487132
268,Cc1nc(C(C)C)sc1C(=O)Nc1nc(C(C)(C)C)cs1,False,-1.54368653487132
280,CCOc1ccc(-c2csc(N)n2)cc1,True,-1.54368653487132
289,Clc1snnc1CN1CCCN(c2nc3ccccc3[nH]2)CC1,False,-1.54368653487132
331,CC(C)CC(=O)NCC(=O)N1CCCC1,False,-1.54368653487132
382,O=C(c1cccc(CNc2ccc3nccnc3n2)c1)N1CCCCC1,False,-1.54368653487132
394,O=C(CC1CCN(c2ncc(Cl)cn2)CC1)N1CCOCC1,False,-1.54368653487132
409,Cc1nc(Cn2ncc3ccccc3c2=O)cs1,False,-1.54368653487132
443,O=C1CN(C(=O)c2cccc(Oc3cccc(C(F)(F)F)c3)c2)CCN1,False,-1.54368653487132
501,O=C(Cc1csc(-c2ccccn2)n1)NC1CCCCCC1,False,-1.54368653487132
608,CNC(=O)CC1CCN(c2ncccn2)CC1,False,-1.54368653487132
618,c1ccc2c(c1)CN(c1cnc3ccccc3n1)CCN2,False,-1.54368653487132
631,O=c1[nH]c2ccccc2n1C1CCN(Cc2nnsc2Cl)CC1,True,-1.54368653487132
638,c1ccc(-c2n[nH]c(C3CCN(c4cnc5ccccc5n4)CC3)n2)cc1,True,-1.54368653487132
641,COc1ccc(-c2nc(CC(N)=O)sc2C)cc1.Cl,False,-1.54368653487132
663,CCc1nnc(NC(=O)Cc2c(C)noc2C)s1,False,-1.54368653487132
721,O=C(Nc1nncs1)c1cccnc1,False,-1.54368653487132
792,CN(C(=O)C1CCN(c2ncccn2)CC1)C1CCCCCCC1,False,-1.54368653487132
793,CCS(=O)(=O)N1CCC(C(=O)N(C)C2CCCCCCC2)CC1,False,-1.54368653487132
822,O=C(CN1CCc2ccccc21)N1CCC(c2nc3ccccc3[nH]2)CC1,False,-1.54368653487132
823,O=c1[nH]c2ccccc2n1C1CCN(CCc2ccccn2)CC1,False,-1.54368653487132
824,CC1Cc2ccccc2N1C(=O)CN1CCC(n2c(=O)[nH]c3ccccc32)CC1,False,-1.54368653487132
843,CC(C)c1csc(NC(=O)C2CCN(c3ncccn3)CC2)n1,False,-1.54368653487132
895,Cc1cccc2sc(NC(=O)C(C)(C)C)nc12,False,-1.54368653487132
904,c1ccc(Cc2nnc(NC3CCOCC3)s2)cc1,False,-1.54368653487132
968,O=C(CSc1nnc(-c2cccs2)[nH]1)N1CCCCCC1,False,-1.54368653487132
978,COc1ccc(F)cc1CN1CCC(n2c(=O)[nH]c3ccccc32)CC1,False,-1.54368653487132
979,O=c1[nH]c2ccccc2n1C1CCN(CCOc2ccccc2)CC1,False,-1.54368653487132
985,CC(C)c1noc(CN2CCC(n3c(=O)[nH]c4ccccc43)CC2)n1,False,-1.54368653487132
991,CC(C)(C)C(=O)Nc1nnc(Cc2ccccc2)s1,False,-1.54368653487132
1038,O=C(Cc1ccc2ccccc2c1)NCCc1nc2ccccc2[nH]1,False,-1.54368653487132
1054,O=C1CN(C(=O)c2ccc(F)cc2)CCN1,False,-1.54368653487132
1131,O=C(CN1CCC(c2ccccc2)CC1)N1CCNC1=O,False,-1.54368653487132
1234,CCOC1CCN(C(=O)Cn2c(=O)[nH]c3ccccc32)CC1,False,-1.54368653487132
1242,CCN1CCc2ncnc(N3CCNc4ccccc4C3)c2C1,False,-1.54368653487132
1245,O=C(O)CCC(=O)Nc1ccccc1-c1nc2ccccc2[nH]c1=O,False,-1.54368653487132
1248,O=C(CN1CCc2ccccc21)N1CCNC1=O,False,-1.54368653487132
1262,O=C(CN1CCCc2ccc(F)cc21)N1CCNC1=O,False,-1.54368653487132
1265,CCOC(=S)SCC(=O)Nc1nc(-c2ccc(C3CCCCC3)cc2)cs1,True,-1.54368653487132
1274,Cc1ccccc1COC1CN(C(=O)Cn2c(=O)[nH]c3ccccc32)C1,False,-1.54368653487132
1293,NC(=O)CC1CCN(c2ncccn2)CC1,False,-1.54368653487132
1310,O=C(Nc1nc2ccccc2[nH]1)C1CCCCC1,True,-1.54368653487132
1311,O=C(Nc1nc2ccccc2[nH]1)c1ccncc1,True,-1.54368653487132
1331,Cn1ncc2c1CCc1sc(NC(=O)c3cccnc3)nc1-2,False,-1.54368653487132
1359,Cc1ccc2[nH]c(C3CCN(C)CC3)nc2c1,False,-1.54368653487132
1361,O=c1[nH]c2ccccc2n1C1CCN(Cc2nc(-c3ccsc3)no2)CC1,True,-1.54368653487132
1362,CC(c1nnc(-c2cccs2)o1)N1CCC(n2c(=O)[nH]c3ccccc32)CC1,False,-1.54368653487132
1363,O=C(CN1CCC(n2c(=O)[nH]c3ccccc32)CC1)N1CCc2ccccc21,False,-1.54368653487132
1397,Cc1oc(C)c(C(=O)N2CCNC(=O)C2)c1Br,False,-1.54368653487132
1402,CNC(=O)Cc1nc(-c2cncc(C)c2)cs1,False,-1.54368653487132
1427,O=C(NC1CCCCCC1)c1ccc(CSc2nc3ccccc3[nH]2)cc1,True,-1.54368653487132
1444,c1cnc(N2CC(c3nc4ccccc4[nH]3)C2)nc1,False,-1.54368653487132
1468,CCc1nnc(NC(=O)c2ccc3cc(OC)ccc3n2)s1,True,-1.54368653487132
1472,O=C(CC(=O)N1CCCC1)N1CCCC1,False,-1.54368653487132
1484,NC(=O)c1ccc(Oc2ccc(C(=O)N3CCCCCC3)cc2)cc1,False,-1.54368653487132
1489,Cc1ccc(-c2nc(CC(=O)NCCC(C)C)cs2)cc1,True,-1.54368653487132
1519,O=C(Nc1nccs1)C1CCN(C(=O)CN2CCc3ccccc32)CC1,False,-1.54368653487132
1531,O=C(CSc1ccc(F)cc1)N1CCCC1,False,-1.54368653487132
1532,O=C(c1ccc(F)cc1)N1CCN(CC(=O)N2CCCC2=O)CC1,False,-1.54368653487132
1546,COc1ccc(CN2CCC(n3c(=O)[nH]c4ccccc43)CC2)cc1F,False,-1.54368653487132
1547,CCN(CC)CC(=O)N1CCC(n2c(=O)[nH]c3ccccc32)CC1,False,-1.54368653487132
1575,O=c1[nH]c2ccccc2n1C1CCN(CCc2ccncc2)CC1,False,-1.54368653487132
1580,Cc1ccc(C(=O)Nc2ccccc2C#N)cc1,False,-1.54368653487132
1583,CN(C)c1cccc(C2CCN(c3ncccn3)CC2)n1,False,-1.54368653487132
1598,CCCN1CCCN(C(=O)c2nc3ccccc3[nH]2)CC1,False,-1.54368653487132
1622,CS(=O)(=O)CCN1CCC(n2c(=O)[nH]c3ccccc32)CC1,False,-1.54368653487132
1623,O=c1[nH]c2ccccc2n1C1CCN(S(=O)(=O)Cc2ccccc2)CC1,True,-1.54368653487132
1624,CCc1nnc(CN2CCC(n3c(=O)[nH]c4ccccc43)CC2)o1,False,-1.54368653487132
1625,CC1CC1C(=O)N1CCC(n2c(=O)[nH]c3ccccc32)CC1,False,-1.54368653487132
1626,O=c1[nH]c2ccccc2n1C1CCN(c2ncnc3sccc23)CC1,True,-1.54368653487132
1627,O=C(CSCCCn1c(=O)[nH]c2ccccc21)N1CCCCC1,False,-1.54368653487132
1628,CCOC(C)C(=O)N1CCC(n2c(=O)[nH]c3ccccc32)CC1,False,-1.54368653487132
1629,O=C1CCCN1CCCN1CCC(n2c(=O)[nH]c3ccccc32)CC1,False,-1.54368653487132
1637,CC(C)[C@@H](C(=O)Nc1nc2ccccc2[nH]1)N1Cc2ccccc2C1=O,False,-1.54368653487132
1653,CC(Oc1ccc(Cl)cc1)C(=O)N1CCC(n2c(=O)[nH]c3ccccc32)CC1,False,-1.54368653487132
1661,C[C@@H](CN1CCC(n2c(=O)[nH]c3cc(Cl)ccc32)CC1)NC(=O)c1ccc2ccccc2c1,True,-1.54368653487132
1681,O=C(C1CC1c1ccc(F)cc1)N1CCC(n2c(=O)[nH]c3ccccc32)CC1,False,-1.54368653487132
1682,O=C(C1CC1c1ccccc1F)N1CCC(n2c(=O)[nH]c3ccccc32)CC1,False,-1.54368653487132
1725,CC(c1ccccc1)N1CC(C(=O)N2CCC(n3c(=O)[nH]c4ccccc43)CC2)CC1=O,False,-1.54368653487132
1740,O=C1C(N2CCC(n3c(=O)[nH]c4ccccc43)CC2)CCN1c1ccccc1,False,-1.54368653487132
1754,O=c1[nH]c2ccccc2n1C1CCN(Cc2nnc(-c3cc4c(s3)CCCC4)o2)CC1,True,-1.54368653487132
1769,C[C@H](C(=O)Nc1nc2ccccc2[nH]1)N1Cc2ccccc2C1=O,False,-1.54368653487132
1828,O=C(Nc1nncs1)c1ccc(N2CCC3(CCCCC3)C2)nc1,True,-1.54368653487132
1834,COc1ccc2nc(C(=O)Nc3cnc4c(cnn4C(C)C)c3)ccc2c1,True,-1.54368653487132
1835,Cc1cccc2sc(NC(=O)c3cccnc3)nc12,True,-1.54368653487132
1849,COc1ccc(-c2csc(CC(N)=O)n2)cc1,False,-1.54368653487132
1862,Cc1ccc(-c2csc(CC(N)=O)n2)cc1C,False,-1.54368653487132
1890,Cc1ccc2[nH]c(C3CN(C(=O)Cc4cccc5ccccc45)C3)nc2c1,True,-1.54368653487132
1900,Cc1ccc(-c2nc(CN3C(=O)C(=O)N(C4CCCC4)C3=O)cs2)cc1,True,-1.54368653487132
1912,CSCC(=O)Nc1nc(-c2ccc(C3CCCCC3)cc2)cs1,True,-1.54368653487132
1930,O=C(Nc1nc(-c2cccnc2)cs1)C1CCCCC1,True,-1.54368653487132
1937,CCC(Oc1ccccc1)C(=O)Nc1nc2ccccc2[nH]1,False,-1.54368653487132
1941,O=C(Nc1nc2ccccc2[nH]1)c1ccc(-c2ccccc2)cc1,True,-1.54368653487132
1958,O=C(Nc1nc2ccccc2[nH]1)C1CCCO1,False,-1.54368653487132
1982,O=C(Nc1nc2ccccc2[nH]1)C1CC(=O)N(c2cccc(C(F)(F)F)c2)C1,True,-1.54368653487132
1984,O=C(O)Cc1nc2ccccc2[nH]1,False,-1.54368653487132
1999,c1ccc2nc(N3CCC(c4nc5ccccc5[nH]4)CC3)cnc2c1,True,-1.54368653487132
2045,CN(C)C(=O)Cc1nc(-c2cc3cc(Cl)ccc3o2)cs1,True,-1.54368653487132
2,CC(C)(Oc1ccc(-c2cnc(N)c(-c3ccc(Cl)cc3)c2)cc1)C(=O)O,False,-1.54368653487132
1892,C=CC(=O)N1CCC[C@@H](n2nc(-c3cccc(C(=O)Nc4ccc(C(C)C)c(C)c4)c3)c3c(N)ncnc32)C1,True,-1.54368653487132
4,C=CC(=O)N1CCC[C@@H](n2nc(-c3ccc(Oc4ccccc4)cc3)c3c(N)ncnc32)C1,True,-1.54368653487132
69,NCCN1CCN(C/C=C/C(=O)N2CCC[C@@H](n3nc(-c4ccc(Oc5ccccc5)cc4)c4c(N)ncnc43)C2)CC1,False,-1.54368653487132
11,C=CC(=O)N1CCC(CNc2ncnc(N)c2-c2ccc(Oc3ccccc3)cc2)CC1,False,-1.54368653487132
18,CC#CC(=O)N1CC[C@@H](n2c(=O)n(-c3ccc(Oc4ccccc4)cc3)c3c(N)ncnc32)C1,False,-1.54368653487132
19,C=CC(=O)N1CCC[C@H](n2c(=O)n(-c3ccc(Oc4ccccc4)cc3)c3c(N)ncnc32)C1,False,-1.54368653487132
20,CC(C)(C=C(C#N)C(=O)N1CCC[C@@H](n2nc(-c3ccc(Oc4ccccc4)cc3F)c3c(N)ncnc32)C1)N1CCN(C2COC2)CC1,False,-1.54368653487132
21,CC#CC(=O)N1CC[C@@H](n2cc(-c3ccc(Oc4c(F)cccc4F)cc3)c3c(N)n[nH]c(=O)c32)C1,True,-1.54368653487132
30,Nc1ncnc2c1c(-c1ccc(Oc3ccccc3)cc1)nn2[C@@H]1CCCNC1,False,-1.54368653487132
9,C=CC(=O)N1C[C@H](Nc2ncnc3[nH]ccc23)CC[C@@H]1C,False,-1.54368653487132
12,Nc1n[nH]cc1-c1cc(Cl)ccc1Oc1cc(F)c(S(=O)(=O)Nc2cscn2)cc1Cl,False,-1.54368653487132
14,Cn1cc(-c2cn3nccc3c(-c3cnn([C@]4(CC#N)C[C@@H](C#N)C4)c3)n2)cn1,True,-1.54368653487132
16,N#CC[C@H](C1CCCC1)n1cc(-c2ncnc3[nH]ccc23)cn1,False,-1.54368653487132
2044,N#CCC1(n2cc(-c3ncnc4[nH]ccc34)cn2)CNC1,False,-1.54368653487132
1333,O=C(c1cccc(N2CCNC2=O)c1)N1CCc2ccccc2C1,False,-1.54368653487132
23,COc1ccccc1-c1cc(NC(=O)c2cccc(N3CCNC3=O)c2)[nH]n1,True,-1.54368653487132
25,O=C(Nc1cccc(-c2nncn2C2CC2)c1)c1cc(-n2cnc(C3CC3)c2)ccn1,False,-1.54368653487132
26,Fc1ccccc1-c1c[nH]nc1C1CCCN1Cc1ccc2ncccc2c1,False,-1.54368653487132
27,Cc1nccc(-c2cn(Cc3ccccc3)c3cnccc23)n1,False,-1.54368653487132
28,CCc1nc(C)cn2nc(-c3cc(=O)n4cc(C5CCN(C)CC5)cc(C)c4n3)cc12,False,-1.54368653487132
31,Cc1nnc(CN(C)CC(C)Oc2ccc(Cl)c(Cl)c2)n1C,False,-1.54368653487132
34,Cc1ncc(CN2CC[C@@H](Nc3cncc(Cl)n3)[C@@H](C)C2)s1,False,-1.54368653487132
1658,CCc1cnc(CCNc2cncc(Cl)n2)s1,False,-1.54368653487132
36,CCc1nc2c(C)cc(N3CCN(CC(=O)N4CC(O)C4)CC3)cn2c1N(C)c1nc(-c2ccc(F)cc2)c(C#N)s1,False,-1.54368653487132
41,O=C1CN(c2ccc(Nc3nccc(C(F)(F)F)n3)cn2)CCN1,False,-1.54368653487132
1594,CC(=O)N1CCc2cc(Nc3nccc(C(F)(F)F)n3)ccc21,True,-1.54368653487132
45,C[C@H]1CN(C(=O)CC(c2ccccc2)c2ccccc2)C[C@@H](C)O1,False,-1.54368653487132
46,CN1[C@H]2CC[C@@H]1C[C@@H](OC(c1ccccc1)c1ccccc1)C2,False,-1.54368653487132
48,OC[C@H](Nc1cncc(-c2ccc3[nH]ncc3n2)c1)c1ccccc1,False,-1.54368653487132
51,CC(=O)N1CCN(c2nc(C(F)(F)F)nc3sc(C)c(C)c23)CC1,False,-1.54368653487132
53,c1ccc(Oc2cccc(CN(CCN3CCOCC3)Cc3cccnc3)c2)cc1,False,-1.54368653487132
1398,COc1ccc(-c2ccc(CN(CCN(C)C)Cc3ccncc3)cc2)cc1,False,-1.54368653487132
959,COc1ccc(-c2ccc(CN(CCN3CCOCC3)Cc3cccnc3)cc2)cc1,False,-1.54368653487132
54,COc1ccc([C@H]2CN(C(C)=O)[C@@H]3CCCN(Cc4cccc(F)c4)[C@H]23)cc1,False,-1.54368653487132
55,Cc1c(C(=O)NCCCN(C)C)sc2ncnc(Nc3ccc(F)cc3OC(C)C)c12,False,-1.54368653487132
57,Nc1ncc(C(=O)NC2CN(C(=O)C3CC3)C2)c2ccc(-c3cccc(F)c3)nc12,True,-1.54368653487132
58,CC1(C)CC(Oc2ccc(-c3ccc(-c4cn[nH]c4)cc3O)nn2)CC(C)(C)N1,False,-1.54368653487132
59,Cc1nnc(-c2ccc3occ(-c4ccc(S(C)=O)cc4)c3c2)o1,False,-1.54368653487132
62,O=C(CCNC(=O)c1ccc(OC(F)(F)F)cc1)N[C@@H]1CCCc2ccccc21,True,-1.54368653487132
63,O=S(=O)(c1cccc2cnccc12)N1CCCNCC1,False,-1.54368653487132
64,C=CC(=O)Nc1cccc(Oc2nc(Nc3ccc(N4CCN(C)CC4)cc3)nc3ccoc23)c1,False,-1.54368653487132
85,C=CC(=O)Nc1cccc(Nc2nc(Nc3ccc(OCCOC)cc3)ncc2F)c1,True,-1.54368653487132
2094,C=CC(=O)Nc1cccc(Sc2nc(Nc3ccc(N4CCN(C)CC4)cc3)ncc2Cl)c1,True,-1.54368653487132
68,CCN(C/C=C\c1ccc(C2CCCCC2)c(Cl)c1)C1CCCCC1,True,-1.54368653487132
312,CC(=O)NC1CCN(Cc2cccc(-c3cccnc3)c2)CC1,False,-1.54368653487132
1448,COc1ccccc1-c1ccc(CC2(C(=O)NC3CC3)CCOCC2)cc1,False,-1.54368653487132
73,CNC(=O)C1(Cc2ccc(-c3ccncc3)cc2)CCN(Cc2cccc(F)c2)C1,False,-1.54368653487132
1137,COc1cccc(CN2CCN(C(=O)Cc3ccc(C)cc3)[C@@H](C)C2)c1,False,-1.54368653487132
339,NC(=O)C1(Cc2ccc(-c3cccnc3)cc2)CCN(Cc2cccc(Cl)c2)CC1,False,-1.54368653487132
755,C=CCNC(=O)C1(Cc2ccc(-c3ccccc3)cc2)CCN(C(=O)c2cccnc2)CC1,True,-1.54368653487132
1492,CCC(C)(C)NC(=O)C1(Cc2ccc(-c3cc(F)ccc3OC)cc2)CCOCC1,False,-1.54368653487132
1783,NC(=O)C1(Cc2ccc(-c3ccncc3)cc2)CCN(C(=O)Cc2cccc(F)c2)CC1,False,-1.54368653487132
1528,O=C(NCc1ccc(F)cc1)C1(Cc2ccc(-c3cccnc3)cc2)CCOCC1,False,-1.54368653487132
634,c1cc(CN2CCC(c3ccn[nH]3)CC2)ccn1,False,-1.54368653487132
1436,Cc1cccc(NC2CCN(Cc3ccncc3)CC2)n1,False,-1.54368653487132
861,COc1cccc(CN2CCC(Cc3ccc(-c4cccnc4)cc3)(C(N)=O)CC2)c1,False,-1.54368653487132
86,C=CC(=O)N(C)CCOc1c(N)ncnc1-c1cc(F)cc(NC(=O)c2ccc(C3CC3)cc2F)c1C,False,-1.54368653487132
88,CC(=O)NCCNc1cc(Cl)nn2c(-c3cccc(S(=O)(=O)N(C)C)c3)c(C)nc12,False,-1.54368653487132
95,Cc1ccccc1-c1nc(Cn2ccnc2C(C)C)c(C)o1,False,-1.54368653487132
96,CCc1nc2cc(-c3c(OC)cccc3OC)ccc2o1,False,-1.54368653487132
99,Cc1nnc(NCCc2ccc3c(c2)OCO3)c(C#N)c1C,False,-1.54368653487132
101,Cc1cc(CN(C)Cc2cscn2)no1,False,-1.54368653487132
102,Cc1occc1C(=O)NCC(=O)Nc1nc2cc(Cl)ccc2n1C,False,-1.54368653487132
104,c1ccc(-c2noc(NC3CC3)n2)cc1,False,-1.54368653487132
637,c1ccc(-c2noc(NCC3CCC3)n2)cc1,False,-1.54368653487132
1005,Fc1ccccc1CNc1nc(-c2ccccc2)no1,True,-1.54368653487132
106,CCN(CC)Cc1ccc2cc(COC(=O)Nc3ccc(C(=O)NO)cc3)ccc2c1,False,-1.54368653487132
109,O=C(CSc1nccn1C1CC1)Nc1c(Cl)cc(Cl)cc1C(=O)O,True,-1.54368653487132
113,O=C(CSc1nc2nc(O)cc(O)c2s1)c1ccc(-c2ccccc2)cc1,True,-1.54368653487132
115,CN(C)c1ccc2c(c1)OCCN2C(=O)NCc1cccnc1,False,-1.54368653487132
117,CCCOc1ccccc1C(=O)N1CC(Oc2cccc(OC)c2)C1,False,-1.54368653487132
119,COc1ccc(CCNCc2ccc(-c3ccccc3)o2)cc1OC,False,-1.54368653487132
120,CSCC(=O)N1CCN(C(=O)CSC)C2(CCCCC2)C1,False,-1.54368653487132
125,Cc1cc(OCC(=O)N(C)C2CCCCCCC2)no1,False,-1.54368653487132
126,CC(C)CNc1nnc(SCc2ccncc2)s1,False,-1.54368653487132
128,Cc1nn(-c2ccc(C(=O)O)cc2C#Cc2ccccc2)c(C)c1C,False,-1.54368653487132
1520,O=C1Nc2ccccc2O[C@H]2C[C@@H]1N(Cc1cccnc1)C2,False,-1.54368653487132
131,O=C1Nc2ccccc2O[C@H]2C[C@@H]1N(CC1CC1)C2,False,-1.54368653487132
1784,CC(=O)Nc1ccc(O)cc1,False,-1.54368653487132
851,CCN(CC)C(=O)c1ccc(NC(C)=O)cc1,False,-1.54368653487132
133,CC(=O)Nc1ccc2nc(C)cc(O)c2c1,False,-1.54368653487132
137,CN(CC#N)C(=O)c1cccc(CN2CCCC2)c1,False,-1.54368653487132
955,CN(Cc1ccccc1N1CCCC1)C(=O)c1cccc(Cn2ccnc2)c1,False,-1.54368653487132
138,Cc1cc2nc(CCC(=O)N3CCC(c4ccc(C(=O)N(C)C)c(N)n4)CC3)[nH]c2cc1C,False,-1.54368653487132
402,CN(C)[C@@H]1CN(C(=O)c2cc3ccc(F)cc3[nH]2)C[C@H]1O,False,-1.54368653487132
139,O=C(c1cc2ccccc2[nH]1)N1C[C@@H](O)[C@H](N2CCOCC2)C1,False,-1.54368653487132
361,COc1ccc(F)c(CN2CCC(Cc3noc(C)n3)CC2)c1,False,-1.54368653487132
146,COc1ccc(CN2CCC(c3nc(C(C)C)no3)CC2)c(F)c1,False,-1.54368653487132
1017,COc1ccc(-c2nc(CN3CCC[C@H](O)C3)no2)cc1,False,-1.54368653487132
259,CCCn1cc(C(=O)N2CCC(c3n[nH]cc3C(=O)N3CCOCC3)CC2)cn1,False,-1.54368653487132
150,CCCn1cc(C(=O)N2CCC(c3n[nH]cc3C(=O)N(C)Cc3ccccc3)CC2)cn1,False,-1.54368653487132
151,c1ccc(CO[C@@H]2CCC[C@H]2n2cc(-c3nccs3)nn2)cc1,False,-1.54368653487132
152,Cc1cc(C(=O)N(C)Cc2ccc(Br)cc2)no1,False,-1.54368653487132
521,Cc1cc(C(=O)N(C)Cc2ccsc2)no1,False,-1.54368653487132
1476,Cc1cc(C)nc(-n2nc(C)c(CC(=O)NC3CCCCCC3)c2C)n1,False,-1.54368653487132
158,Cc1cc(C)nc(N(C)CC(=O)NC2CC2)n1,False,-1.54368653487132
161,NS(=O)(=O)OC[C@@H]1C[C@@H](n2ccc3c(N[C@H]4CCc5ccccc54)ncnc32)C[C@@H]1O,False,-1.54368653487132
163,Cc1cc(OCc2ncc(C(C)(C)C)o2)nn1C,False,-1.54368653487132
649,Cc1noc(NCc2cccc(-c3cccnc3)c2)n1,False,-1.54368653487132
164,Clc1cccc(CNc2nc(C3CC3)no2)c1,False,-1.54368653487132
1217,CCN(CC)CCCNc1ncc(-c2cc(C)no2)c(-c2ccco2)n1,False,-1.54368653487132
165,Cc1ccc(-c2nc(NCc3ccco3)ncc2-c2cc(C)no2)cn1,False,-1.54368653487132
167,COc1nc(C)nc(N(C)Cc2nccs2)c1C,False,-1.54368653487132
1924,O=c1c(=O)n(-c2ccc(F)c(F)c2)ccn1Cc1ccccc1Cl,True,-1.54368653487132
1925,Cc1ccc(Cn2ccn(-c3ccc(F)c(F)c3)c(=O)c2=O)cc1,True,-1.54368653487132
1799,N#Cc1ccc(COc2cnc3ccccc3n2)cc1,True,-1.54368653487132
903,O=C(NCC1=CCCN(Cc2cc(F)ccc2Cl)C1)c1ccco1,False,-1.54368653487132
653,CN(Cc1cccc(C#N)c1)Cc1cnn(C)c1,False,-1.54368653487132
2061,N#Cc1ccc(COc2ccccc2C#N)cc1,True,-1.54368653487132
2064,O=C1NC2(CCCC2)C(=O)N1Cc1ccccc1F,False,-1.54368653487132
2067,CC(C)(C)c1noc(COc2ccccc2C#N)n1,False,-1.54368653487132
1431,CN(Cc1cccc(C#N)c1)c1cnc2ccccc2n1,False,-1.54368653487132
283,N#Cc1ccc(OCCn2cccn2)cc1,False,-1.54368653487132
1568,N#Cc1cccc(CN2CCN(CCO)CC2)c1,False,-1.54368653487132
544,N#Cc1cc(F)c(N2CCN(CCO)CC2)c(F)c1,False,-1.54368653487132
1572,N#CCN1CCCN(Cc2ccc(C#N)cc2)CC1,False,-1.54368653487132
169,CN(Cc1cccc(C#N)c1)Cc1ccccc1C#N,False,-1.54368653487132
1707,Cc1ccc2oc([C@H]3CCN(Cc4ccc(C#N)cc4)C3)nc2c1,True,-1.54368653487132
1325,COc1ccccc1OC1CCN(Cc2ccccc2C#N)CC1,False,-1.54368653487132
1839,Cc1cc2ccccc2n1CC(=O)N(C)Cc1cnn(C)c1,False,-1.54368653487132
821,CN(Cc1cnn(C)c1)C(=O)c1ccccc1-c1ccccc1C#N,False,-1.54368653487132
440,CN(CCc1ccccn1)c1cnc2ccccc2n1,False,-1.54368653487132
447,Cc1ccc(CN2CC[C@H](c3nnc(-c4ccccc4F)o3)C2)o1,False,-1.54368653487132
192,Cc1cccn(Cc2cccc(F)c2)c1=O,False,-1.54368653487132
711,Cc1cccn(Cc2cccc(C#N)c2)c1=O,False,-1.54368653487132
1353,N#Cc1cccc(CN2CCOC[C@H](Oc3ccccc3)C2)c1,False,-1.54368653487132
970,COc1ccccc1-c1nnc([C@H]2CCN(Cc3ccccc3C)C2)o1,False,-1.54368653487132
971,Cc1ccc2oc([C@H]3CCN(Cc4cccs4)C3)nc2c1,False,-1.54368653487132
1365,N#Cc1ccccc1OCc1csc(-c2ncccn2)n1,False,-1.54368653487132
215,N#Cc1cccc(CN2CCC=C(CNC(=O)c3cccs3)C2)c1,False,-1.54368653487132
1752,N#Cc1cccc(CN2CCOC[C@H](O)C2)c1,False,-1.54368653487132
473,CN(Cc1ccc2c(c1)OCO2)Cc1ccccc1C#N,False,-1.54368653487132
1369,Cc1ccc(-c2nnc([C@H]3CCN(Cc4cc5ccccc5o4)C3)o2)cc1,False,-1.54368653487132
2011,N#Cc1ccccc1OCn1nnc2ccccc2c1=O,True,-1.54368653487132
1371,O=C(O)c1ccc(CN2CC[C@H](c3nc4cc(Cl)ccc4o3)C2)cc1,False,-1.54368653487132
733,N#Cc1ccc(CN2CC(n3cccn3)C2)cc1,False,-1.54368653487132
862,Cc1cccn(Cc2cccnc2)c1=O,False,-1.54368653487132
2146,CN(Cc1cccc(C#N)c1)C(=O)CC(C)(C)C,False,-1.54368653487132
873,Cc1cccn(Cc2ccccc2F)c1=O,False,-1.54368653487132
875,CN(Cc1ccccn1)c1nc2ccccc2o1,False,-1.54368653487132
757,COCC(=O)N1CC[C@H](c2nnc(-c3ccc(C)cc3)o2)C1,False,-1.54368653487132
247,CCn1cc(C2CCN(Cc3ccc(C#N)cc3)CC2)cn1,False,-1.54368653487132
205,Cc1nc(C2(NCc3cccc(C#N)c3)CCCC2)no1,False,-1.54368653487132
1954,CNC(=O)c1ccc2c(c1)NC(=O)/C2=C(\Nc1cccc(CN(C)C)c1)c1ccccc1,True,-1.54368653487132
207,CN(C)Cc1cccc(N/C(=C2\C(=O)Nc3cc(C(=O)N(C)C)ccc32)c2ccccc2)c1,False,-1.54368653487132
210,O=C(O)c1ccc(N2CCCC2)c(F)c1,False,-1.54368653487132
212,Cc1cc(NC(=O)C2CCOCC2)sn1,False,-1.54368653487132
1673,Nc1cnn(CC(=O)N2CCCCC2)c1,False,-1.54368653487132
1674,Nc1cnn(CC(=O)Nc2ccc(F)cc2)c1,False,-1.54368653487132
1136,OC(Cn1cncn1)(Cn1cncn1)c1ccc(F)cc1F,False,-1.54368653487132
1722,Cc1cc(F)ccc1NC(=O)Cn1cncn1,False,-1.54368653487132
219,NC(=O)Cn1cc(-c2ccc(F)cc2)cn1,False,-1.54368653487132
227,CCN(CC)Cc1cccc(/C=C/c2nc3ccc(F)cc3c(=O)n2-c2ccccc2Cl)n1,False,-1.54368653487132
228,N#CCCN(c1ncnc2sccc12)C1CC1,False,-1.54368653487132
231,CCCCOc1ccc(C(=O)NCc2cc(C)on2)cc1,True,-1.54368653487132
233,COc1ccc(Cc2ncnn2-c2ccc3c(c2)OCO3)c(OC)c1,False,-1.54368653487132
780,Cn1c(-c2ccc(F)cc2)cnc1NC(=O)CCC(=O)N1CC(=O)Nc2ccccc21,False,-1.54368653487132
847,COc1ccc(CNc2ncc(-c3ccc4c(c3)OCO4)n2C)c(OC)c1,False,-1.54368653487132
1335,CN(C)CCN(Cc1ccccc1)C(=O)CCC(=O)Nc1ncc(-c2ccccc2)n1C,False,-1.54368653487132
600,COc1cccc(CNc2ncc(-c3ccccc3)n2C)c1,False,-1.54368653487132
314,Cn1c(-c2ccccc2)cnc1NCc1ccccc1,False,-1.54368653487132
242,CC1(C)Cc2cc(NC(=O)c3cnn4cccnc34)c(N3CCN(CC(F)F)CC3)nc2O1,False,-1.54368653487132
1779,CC1(C)Cc2cc(NC(=O)c3cnn4cccnc34)c(OCC3CC3)nc2O1,True,-1.54368653487132
1344,Cc1nc(NCC(C)(C)c2ccccc2)n(C)n1,False,-1.54368653487132
588,Cc1nc(NCc2ccc(F)c(Cl)c2)n(C)n1,False,-1.54368653487132
246,Cc1nc(NCc2scnc2C)n(C)n1,False,-1.54368653487132
255,CC(C)(C)n1ncc(OCc2ccc(OCCOCCO)nc2)c(Cl)c1=O,False,-1.54368653487132
256,CC(=O)Nc1ccc(Oc2ncnc3scc(-c4ccccc4)c23)cc1,True,-1.54368653487132
932,COc1ccc(-c2csc3ncnc(Oc4ccc(C)nc4)c23)cc1,True,-1.54368653487132
262,Cc1cc(Nc2ccc3c(c2)oc(=O)n3C)nc(C2CC2)n1,True,-1.54368653487132
264,CCc1ccc(NC(=O)C2CCN(c3ccc4nncn4n3)CC2)cc1,True,-1.54368653487132
266,O=C(NCc1ccc(-n2cncn2)nc1)c1csc2c1CCCC2,True,-1.54368653487132
2026,Cc1sc2ncnc(N3CCC(C(=O)Nc4ccccn4)CC3)c2c1C,True,-1.54368653487132
267,Cc1sc2ncnc(OCC(=O)NC3CCCCC3)c2c1C,False,-1.54368653487132
1880,Cc1cc(C(=O)NC2CCN(c3nc(-c4cccs4)nc4ccccc34)CC2)on1,True,-1.54368653487132
1592,Cc1cc(C(=O)NC2CCN(c3ncnc4sc(C)c(C)c34)CC2)on1,True,-1.54368653487132
1882,Cc1sc2ncnc(OCC(=O)Nc3ccc4c(c3)OCO4)c2c1C,True,-1.54368653487132
274,O=C1CNC(=O)N1CCCN1CCc2sccc2C1,False,-1.54368653487132
276,Cc1nc(CCN2C(=O)NC(C)(C)C2=O)cs1,False,-1.54368653487132
278,c1ccc(OCc2cc(CC3(NCc4cnc5ccccc5c4)COC3)no2)cc1,False,-1.54368653487132
282,CNc1ncc(-c2nc(C3(c4ccccc4)CC3)nn2C(C)(C)C)cn1,True,-1.54368653487132
284,OC[C@@H](c1ccccc1)n1cc(CCc2ccccc2)nn1,False,-1.54368653487132
287,CN(Cc1cnn(C)c1)c1ncnc2c1oc1ccccc12,False,-1.54368653487132
1569,O=C(NCCCn1ccnc1)N1CC2(CCCC2)c2ccccc21,False,-1.54368653487132
572,CS(=O)(=O)CCNC(=O)N1CC2(CCCC2)c2ccccc21,False,-1.54368653487132
295,O=C(NCCCn1ccnc1)N1CCC12CCC2,False,-1.54368653487132
297,COCCc1nc(-c2cnc(C3CC3)nc2)n(Cc2ccc(F)cc2)n1,False,-1.54368653487132
300,COc1ccc(Br)c(-c2nnc(N)o2)c1,False,-1.54368653487132
302,Cc1nn(C)c2nc(N3CCN(C)C[C@@H]3c3ccccc3)sc12,False,-1.54368653487132
304,Cc1nc2ccccn2c1CC(=O)NCCCSc1ccccc1,False,-1.54368653487132
307,CCOc1ccc(-c2ccccc2NC(=O)COC)cc1,False,-1.54368653487132
1522,CCN(CC#N)C(=O)c1nn(-c2ccc(F)cc2)c2c1CCCC2,False,-1.54368653487132
308,Cc1ccc(-n2nc(C(=O)N3CC(O)C3)c3c2CCCC3)cc1,False,-1.54368653487132
1702,Cc1nnc(NC(=O)c2nn(-c3ccc(F)cc3)c3c2CCCC3)s1,True,-1.54368653487132
310,Cc1ccc(-c2nc(C(=O)N3CCc4ccccc4C3)cs2)o1,False,-1.54368653487132
315,Cc1ccc(-c2cc(NC(=O)CN3CCOCC3)on2)cc1,False,-1.54368653487132
1418,COCCc1nc(-c2ccccc2-c2ccccc2)n(CCO)n1,False,-1.54368653487132
318,CSCCc1nc(-c2cc(C)nc3cc(F)ccc23)n(CCO)n1,False,-1.54368653487132
320,Cc1nc(NC(c2nccn2C)C2CC2)c2sccc2n1,False,-1.54368653487132
1027,CSCc1c(C(=O)NC(C)C)oc2ccccc12,False,-1.54368653487132
323,CC1CCC(NC(=O)c2oc3ccccc3c2CS(C)=O)CC1,False,-1.54368653487132
327,COc1ccc2c(c1)CN(C(=O)c1cc(C3CC3)[nH]n1)CC2,False,-1.54368653487132
328,COc1ccc(C(=O)c2ccccc2)c(Oc2nc3c(c(=O)n(C)c(=O)n3C)n2C)c1,False,-1.54368653487132
330,Cc1cc(C)cc(C(=O)Nc2nn(C(C)(C)C)cc2C#N)c1,False,-1.54368653487132
1445,Cc1cc(C)cc(C(=O)Nc2c(C#N)cnn2C)c1,False,-1.54368653487132
333,Cc1ccc(Cn2nc(C(=O)N[C@@H]3C(C)(C)[C@@H]4CC[C@@]3(C)C4)cc2-c2ccc(Cl)c(C)c2)cc1,True,-1.54368653487132
334,Cc1cccc(-c2ncc(CNCc3ccccc3-n3cccn3)cn2)c1,False,-1.54368653487132
335,COc1cccc(OC)c1-c1cc(C(=O)N[C@@H](CC(C)C)C(=O)O)nn1-c1ccnc2cc(Cl)ccc12,False,-1.54368653487132
337,O=C(c1cccc(Cl)c1)N1CCN(C(=O)c2ccc3ccccc3c2O)CC1,True,-1.54368653487132
338,CN(C)C(=O)CN1CCN(C(=O)c2ccc3ccccc3c2O)CC1,False,-1.54368653487132
342,Cc1cc(NC2CCCC2)nc(C2CCNCC2)n1,False,-1.54368653487132
349,CC(C)n1cc(-c2ccc3c(c2)N(C)CC3)c2c(NS(=O)(=O)c3ccn(C)n3)ccnc21,False,-1.54368653487132
353,CNC(=O)c1ccc(CN(C)c2c(F)cc(C#N)cc2F)cc1,False,-1.54368653487132
432,Clc1cccc(-c2nnc(Cn3cnc4ccccc43)o2)c1,False,-1.54368653487132
356,Brc1ccc(-c2nnc(Cn3cnc4ccccc43)o2)o1,False,-1.54368653487132
435,O=C(c1ccccc1)N1CCN(C(=O)c2ccc(-c3ccccc3Cl)o2)CC1,False,-1.54368653487132
359,COC(=O)N1CCCN(C(=O)c2ccc(-c3ccccc3Cl)o2)CC1,False,-1.54368653487132
364,CN(CC1CCCC1)C(=O)Nc1ccccc1N1CCOC1=O,False,-1.54368653487132
866,Cc1nccn1CCCN1C(=O)SC(C)(C)C1=O,False,-1.54368653487132
365,Cc1nccn1CCNC(=O)C(C)(C)C,False,-1.54368653487132
368,CS(=O)(=O)CCNc1ccc2ccc(F)cc2n1,False,-1.54368653487132
1288,CC(=O)N1CCC(CCNc2ccc3ccc(F)cc3n2)CC1,False,-1.54368653487132
1669,CS(=O)(=O)N1CCC(Nc2ccc3ccc(F)cc3n2)CC1,False,-1.54368653487132
372,COc1cc(CNc2nnn[nH]2)cc(Br)c1OCc1ccc(Cl)cc1,True,-1.54368653487132
373,O=c1c(-c2ccc(F)cc2)c(-c2ccncc2)[nH]n1-c1ccc(Cl)cc1,False,-1.54368653487132
377,COc1cc2c(cc1OC)-c1cc3ccc(OC)c(OC)c3c[n+]1CC2,False,-1.54368653487132
381,CC(=O)NC1(C(=O)N2CCCN(C3CC3)CC2)CCC(C)CC1,False,-1.54368653487132
1006,CC(=O)NC1(C(=O)N2CCCN(c3cccnn3)CC2)CCCCC1,False,-1.54368653487132
385,Cc1ccc(-c2ccc(-c3nccn3CCCn3cnnc3)o2)cc1,False,-1.54368653487132
386,CCc1cc(NCc2cccc(OCCOC)c2)ncn1,False,-1.54368653487132
388,Cn1c(=O)n(Cc2cccc(OC(F)F)c2)c2cnccc21,False,-1.54368653487132
806,CCN(Cc1ccccc1)C(=O)c1cccnc1N,False,-1.54368653487132
805,CCN(Cc1ccccc1)C(=O)c1ccc(O)cc1O,False,-1.54368653487132
390,CCOC(=O)CNC(=O)c1ccc(O)cc1O,False,-1.54368653487132
396,Cc1cc2cc(C(=O)N(C)CCC(=O)O)oc2cc1C,False,-1.54368653487132
398,CN(CC1(O)CCCC1)c1ncccn1,False,-1.54368653487132
399,CCNC(=O)C1CN(c2nc(C3CC3)nc3c2CCC3)C1,False,-1.54368653487132
401,Cc1nn(C)c2ncc(C(=O)Nc3ccc4c(c3)CCO4)cc12,False,-1.54368653487132
594,Cc1ccc(C)c(C(=O)Nc2cnc3c(c2)c(C)nn3C)c1,True,-1.54368653487132
406,CN(C)C1(CNC(=O)N2CCCC(C)(C)CC2)CCOCC1,False,-1.54368653487132
410,Cc1ncccc1CNc1nnc(C(C)(C)C)s1,False,-1.54368653487132
413,Cc1ccnc(-n2nccc2NC(=O)N2CCCN(C)CC2)c1,False,-1.54368653487132
416,CCOc1ccc(C(=O)Nc2cnn(C3CCOCC3)c2)cn1,False,-1.54368653487132
1514,Cn1cc(NC(=O)c2ccc(OCC3CCOCC3)nc2)cn1,False,-1.54368653487132
419,CC(C)c1nc(O)c2nnn(C[C@@H]3CCCN(Cc4cccs4)C3)c2n1,False,-1.54368653487132
943,CC(C)c1nc(O)c2nnn(C[C@@H]3CCCN(C(=O)C(C)(C)C)C3)c2n1,False,-1.54368653487132
424,CCc1ccc2nc(C)cc(C(=O)N3CC(c4cccnc4)C3)c2c1,False,-1.54368653487132
427,CCn1nc(Cc2ccc(OC)cc2)nc1Cc1sc(C)nc1C,False,-1.54368653487132
680,NC(=O)CN1CCC(Oc2cccc(F)c2)CC1,False,-1.54368653487132
1128,Fc1cccc(OC2CCN(Cc3nc4ccccc4[nH]3)CC2)c1,False,-1.54368653487132
431,Cc1cccc(OC2CCN(CC(N)=O)CC2)c1,False,-1.54368653487132
1424,Cc1cccc(OC2CN(C(=O)Cn3c(C)nn(-c4ccccc4)c3=O)C2)c1,True,-1.54368653487132
1753,NC(=O)CN1CCC(CCc2ccccc2)CC1,False,-1.54368653487132
570,O=C(Nc1ccn(Cc2ccccn2)n1)c1c(F)cccc1I,False,-1.54368653487132
444,O=C(Nc1ccn(Cc2ccc(O)cc2C(F)(F)F)n1)c1c(F)cccc1F,False,-1.54368653487132
449,CN(C)C(=O)c1sc2nc(C3(C)CCN(c4ncccn4)CC3)ccc2c1N,False,-1.54368653487132
451,Cc1ccc([C@@H]2N[C@@H](Cc3ccccc3)C(=O)N2C)o1,False,-1.54368653487132
1486,CN1C(=O)[C@H](Cc2ccccc2)N[C@@H]1C(C)(C)C,False,-1.54368653487132
1705,Cc1ccc(-c2nc(-c3ccncc3)n[nH]2)cc1,False,-1.54368653487132
540,COc1cccc(-c2nc(-c3cccnc3)n[nH]2)c1,False,-1.54368653487132
455,N#Cc1cc(-c2n[nH]c(-c3ccncc3)n2)ccn1,False,-1.54368653487132
459,CC(=O)N1CCN(c2ncc(-c3cc(C)no3)c([C@H]3CCCO3)n2)CC1,False,-1.54368653487132
462,O=C(C1CCC1)N1CCC(c2ncc(-c3ccc(F)c(F)c3)[nH]2)CC1,False,-1.54368653487132
590,Cn1ccc2c(C(=O)Nc3ncn(Cc4cccnc4)n3)cccc21,False,-1.54368653487132
463,CC(C)C(=O)Nc1ncn(Cc2cccnc2)n1,False,-1.54368653487132
475,CC1(C)CN(CC(=O)NCC#N)c2cccc(Cl)c21,False,-1.54368653487132
477,Cc1nc(-c2ccc(Cl)c(Cl)c2)n(CC(C)(C)O)n1,False,-1.54368653487132
481,CC(C)n1nccc1-c1ncccc1COc1cccc(O)c1C=O,False,-1.54368653487132
485,C[C@@H](CO)Nc1nc(C(F)(F)F)nc2[nH]cnc12,False,-1.54368653487132
578,COCc1ccccc1CNc1ccc2nnc(-c3ccccc3)n2n1,True,-1.54368653487132
487,COCc1ccccc1CNc1ccc2cc(C#N)ccc2n1,True,-1.54368653487132
491,N#CCCCN1CCN(c2cc(C#N)ccn2)CC1,False,-1.54368653487132
1299,CC(C)Cn1c(=O)[nH]c(=O)c2c1nc1n2CCCCC1,False,-1.54368653487132
493,CC(C)Cn1cnc2c1c(=O)[nH]c(=O)n2CC(C)C,False,-1.54368653487132
497,CCc1c(N)cnn1-c1ccccc1C,False,-1.54368653487132
860,Cc1ccccc1-n1nc(C(C)(C)C)cc1N,False,-1.54368653487132
505,CCOC(=O)C1(Cc2cc(-c3ccc(F)cc3)no2)CCN(Cc2ccccc2O)CC1,True,-1.54368653487132
2124,CCOC(=O)C1(Cc2cc(-c3cccc(F)c3)no2)CCN(Cc2ccccc2O)CC1,True,-1.54368653487132
513,Cc1cc(N2CCN(C(=O)OC(C)(C)C)[C@H](C)C2)ncn1,False,-1.54368653487132
516,CC(=O)N1CCN(C(=O)CCc2ccc(-c3ccccc3)[nH]2)CC1,False,-1.54368653487132
523,CN(c1ncc(Br)cn1)C1CCS(=O)CC1,False,-1.54368653487132
867,Cc1ccc(-c2ccccc2-c2nc3c(cnn3C3CCN(C)CC3)[nH]2)o1,False,-1.54368653487132
527,CN1CCC(n2ncc3[nH]c(-c4ccc5ccccc5c4)nc32)CC1,False,-1.54368653487132
530,COCc1cc(-c2nc(CCc3ccccc3)n[nH]2)ccc1OC,False,-1.54368653487132
534,Clc1cc2ncc(-n3ccnc3)nc2cc1Cl,True,-1.54368653487132
537,CCCN(C)C(=O)Nc1cccc(-c2nnc3n2CCCCC3)c1,False,-1.54368653487132
702,CCc1nnsc1C(=O)Nc1cccc(-c2nnc3n2CCCCC3)c1,False,-1.54368653487132
545,CC(C)c1nnc(CN2CCN(c3nccs3)CC2)o1,False,-1.54368653487132
581,CC(C)c1nnc(CN2CCN(c3ccccc3Cl)CC2)o1,False,-1.54368653487132
551,Cc1ccc(CCNC(=O)N2CC(C)(C)OC(C)(C)C2)cn1,False,-1.54368653487132
554,COCCc1nc(CCCn2cccn2)n(C2Cc3ccccc3C2)n1,False,-1.54368653487132
556,CC(C)c1nnc(CNC(=O)C2(C)CCC2)n1C,False,-1.54368653487132
559,CCc1nc(CC)n(Cc2nc(C)cs2)n1,False,-1.54368653487132
565,COc1ccc(Nc2nc(N)nc(CN3CCN(Cc4ccccc4)CC3)n2)cc1,False,-1.54368653487132
568,Cc1ccc(CNC(=O)CN2CCC(n3nnc4cc(C)ccc43)CC2)cc1,False,-1.54368653487132
1611,Cc1ccc(CNC(=O)CN2CCC(n3nnc4cc(C(F)(F)F)ccc43)CC2)cc1,False,-1.54368653487132
584,COc1ccc(-c2nnc3ccc(C(F)(F)F)cn23)cc1OC(C)C,False,-1.54368653487132
597,Cc1ccc2nc(C)c(C(=O)NOCc3ccccc3)cc2c1,False,-1.54368653487132
603,O=C(NC[C@H]1COCc2nc3ccccc3n21)c1ccncc1,False,-1.54368653487132
1235,Nc1ccccc1OCCn1ccnc1,False,-1.54368653487132
606,CN1CCN(CCOc2ccccc2N)CC1,False,-1.54368653487132
616,O=C(O)/C=C/c1ccc(Cn2ccnc2)cc1,False,-1.54368653487132
1720,Fc1ccc(-c2nnc(CN3CCC(c4c[nH]c5ccccc45)CC3)o2)cc1,True,-1.54368653487132
620,N#CCCCN1CCC(c2c[nH]c3ccccc23)CC1,False,-1.54368653487132
696,O=C(C1CC1)N1CC[C@@H](Cc2n[nH]c(=O)n2-c2ccc(-c3ccc4occc4c3)cc2)C1,False,-1.54368653487132
626,Cc1ccccc1-n1c(CC2CCN(C(=O)C3CC3)CC2)n[nH]c1=O,False,-1.54368653487132
632,COc1ccc2nc(C)nc(N3CC(O)(c4ccc(F)cc4)C3)c2c1,False,-1.54368653487132
1294,COc1ccc2nc(C)nc(N3CC(CO)C3)c2c1,False,-1.54368653487132
1555,CN(C)C(=O)Cn1cc(C(=O)O)ccc1=O,False,-1.54368653487132
643,O=C(O)c1ccc(=O)n(CCc2c[nH]c3ccccc23)c1,False,-1.54368653487132
654,Nc1cnc(Cc2ccc(F)cc2)nc1,False,-1.54368653487132
657,O=C(CCCc1ccc(F)cc1)N1CCN(c2ccccc2)C(=O)C1,False,-1.54368653487132
1240,CC(C)(C)C(=O)N1CCC(CN2CCCC[C@@H]2CO)CC1,False,-1.54368653487132
882,CC(C)(C)C(=O)N1CCC(NS(C)(=O)=O)CC1,False,-1.54368653487132
1291,CC(C)(C)C(=O)N1CCC(CN2C(=O)C(=O)N(C3CCCC3)C2=O)CC1,False,-1.54368653487132
660,CS(=O)(=O)NC1CCN(C(=O)NCCc2ccc(F)cc2)CC1,False,-1.54368653487132
671,CO[C@@H](C(=O)Nc1cc2c(C)cc(=O)oc2cc1C)c1ccccc1,False,-1.54368653487132
673,O=C(Nc1nccs1)c1c2c(nc3ccccc13)CCC2,True,-1.54368653487132
1412,O=C(Nn1cnc2ccccc21)c1cc(Cl)ccc1F,False,-1.54368653487132
1214,O=C(Nn1cnc2ccccc21)c1c2c(nc3ccccc13)CCC2,False,-1.54368653487132
675,O=C(CSc1ncn[nH]1)N(C1CCCCC1)C1CCCCC1,False,-1.54368653487132
678,CN1CCC(NS(=O)(=O)C2CN(C(=O)c3cccc(Cl)c3)C2)CC1,False,-1.54368653487132
683,CCn1c(SC)nnc1C1CCN(C)CC1,False,-1.54368653487132
688,Cc1nc2c(c(N(C)Cc3ccccc3)n1)CCN(Cc1ccccc1)C2,False,-1.54368653487132
1393,Cc1nc(O)c2c(n1)CN(Cc1ccccc1)CC2,False,-1.54368653487132
693,CCc1ncc2c(n1)CN(c1ccnc(-c3ccccc3)n1)CC2,False,-1.54368653487132
697,N#Cc1ccccc1-c1ccc(-c2nccn2-c2cccnc2)o1,False,-1.54368653487132
701,CCCn1ncc2[nH]c(-c3cc(Cn4cncn4)c(C)cc3C)nc21,False,-1.54368653487132
706,CCC1(CC)NC(=O)N(CC(=O)N2CCOCC3(CCCC3)C2)C1=O,False,-1.54368653487132
712,Cc1cnc(C(=O)N[C@H]2CCOC[C@@H]2O)cc1Cc1ccc(-c2cscn2)cc1,False,-1.54368653487132
718,Cn1ccnc1CNc1cc(Br)ccc1-n1cccn1,False,-1.54368653487132
720,O=C(NCCNc1ncccc1C(F)(F)F)c1cnc2ccccn2c1=O,False,-1.54368653487132
920,Fc1ccc(-n2nc(C3CCOCC3)nc2-c2cn[nH]c2)c(F)c1,False,-1.54368653487132
724,Fc1ccc(F)c(-c2nc(C3CCOCC3)nn2-c2cccnc2)c1,False,-1.54368653487132
1926,COc1cccc(-c2nnn(Cc3cc(F)cc4cccnc34)n2)c1,True,-1.54368653487132
872,N#Cc1ccccc1Cn1nnc(-c2ccccc2)n1,False,-1.54368653487132
945,CNC(=O)c1cccc(Cn2nnc(-c3ccccc3Cl)n2)c1,False,-1.54368653487132
1811,Fc1cccc(Cn2nnc(-c3ccccc3)n2)c1F,True,-1.54368653487132
2164,NC(=O)Cn1nnc(-c2ccccc2)n1,False,-1.54368653487132
2139,NC(=O)Cn1nnc(-c2ccccc2F)n1,False,-1.54368653487132
734,NC(=O)Cn1ccc(-c2ccccc2)n1,False,-1.54368653487132
752,CN(C)c1ncn(-c2cccc(N)c2)n1,False,-1.54368653487132
753,Cc1ccc(-n2nc(C(C)(C)C)cc2NC(=O)Nc2ccc(OCCN3CCOCC3)c3ccccc23)cc1,False,-1.54368653487132
756,Cc1ccc(-c2nc(CN3CCOCC3)n(Cc3ccc(F)cc3)n2)o1,False,-1.54368653487132
917,CCCCn1nc(-c2ccc(C)o2)nc1CNC,False,-1.54368653487132
1216,Cc1cc(C(=O)Nc2cccc(-c3cnco3)c2)c2c(C)nn(C)c2n1,True,-1.54368653487132
761,O=C(Nc1cccc(-c2cnco2)c1)C1(c2cccc(F)c2)CCOCC1,False,-1.54368653487132
1201,NC(=O)c1cnc(NC2CC2)nc1CCNC(=O)C1(c2cccc(F)c2)CCOCC1,False,-1.54368653487132
773,CC(C)C[C@@H](CO)n1cc(-c2ccccc2Cn2cccn2)nn1,False,-1.54368653487132
776,Cc1nn(CCC#N)c(C)c1Oc1ccccc1O,False,-1.54368653487132
781,Cc1nc(CN2C(=O)CN(C3CCCC3)C2=O)nc2ccccc12,False,-1.54368653487132
797,COCCOCc1ccc(-c2cc3onc(-c4ccccc4)c3c(=O)n2C)cc1,False,-1.54368653487132
803,Cc1cc(NC(=O)C2CCN(c3ccncc3Cl)CC2)no1,False,-1.54368653487132
1228,O=C(NC1CCCCC1)C1CCN(c2ccncc2Cl)CC1,False,-1.54368653487132
810,CCc1cc2c(cc1N1CCC(N3CCOCC3)CC1)C(C)(C)c1[nH]c3cc(C#N)ccc3c1C2=O,False,-1.54368653487132
815,CO[C@H]1COCCN(C(=O)c2cccnc2)C1,False,-1.54368653487132
818,CC(C)c1nnc(NCc2ccn(C)c2)o1,False,-1.54368653487132
826,O=C(NCc1ccc(F)cc1)C1CCN(C(=O)/C=C/c2ccccc2)CC1,True,-1.54368653487132
1391,O=C(NCc1ccc(F)cc1)C1CCN(C(=O)/C=C/c2ccc(F)cc2)CC1,True,-1.54368653487132
835,CN1CCN(c2ncncc2-c2nc(-c3ccccc3)no2)CC1,False,-1.54368653487132
837,COc1ccc(C)cc1-c1cccnc1O,False,-1.54368653487132
842,COc1ccc(C)cc1-n1ccc(C(=O)NC(C)C)n1,False,-1.54368653487132
1199,COc1ccc(C)cc1-n1ccc(C(=O)Nc2c3c(nn2C)CCC3)n1,False,-1.54368653487132
1057,Cc1ccc(C)c(S(=O)(=O)N2CCCN(C3CCC3)CC2)c1,False,-1.54368653487132
853,Cc1ccc(C)c(S(=O)(=O)N2CCCN(CCn3cccn3)CC2)c1,False,-1.54368653487132
869,COCc1nc(-c2cc(F)ccc2F)c(C)s1,True,-1.54368653487132
878,COc1ccc(CNc2c(-c3ccc(OC)c(OC)c3)nc3cnccn23)cc1,False,-1.54368653487132
881,Cn1cncc1CCNC(=O)[C@H]1CC1(C)C,False,-1.54368653487132
884,Cc1oc(C)c(C(=O)N(C)Cc2ccccc2N2CCOCC2)c1C,False,-1.54368653487132
888,Cc1cccc(C(=O)N(C)CCc2cnccn2)c1,False,-1.54368653487132
892,CNC(=O)Cn1ccc2cc(OC)ccc21,False,-1.54368653487132
901,CC(=O)N1CCC(C(=O)Nc2nccs2)(c2ccccc2)CC1,False,-1.54368653487132
910,CC1(C)COCCN1Cc1cnn(-c2ccccc2)n1,False,-1.54368653487132
916,CCc1nc(CN2C(=O)COc3ccc(F)cc32)cs1,False,-1.54368653487132
921,CC(C)(C)c1nc(Cn2nnc3ccccc3c2=O)no1,False,-1.54368653487132
925,CS(=O)(=O)N1CC(c2n[nH]c3ncccc23)C1,False,-1.54368653487132
928,CCOC(=O)Cc1c(C)[nH]c2c(-c3ccccc3)cnn2c1=O,False,-1.54368653487132
931,c1cc2cc[nH]c2c(CC2CN(C3CCCC3)C2)n1,False,-1.54368653487132
936,CC(C)(C)c1ccc(=O)n(CC2CN(CC3(O)CCCC3)C2)n1,False,-1.54368653487132
937,O=c1ccc(C2CC2)nn1CC1CN(CC2(O)CCCC2)C1,False,-1.54368653487132
944,O=C(NC1CCN(c2ccc(OC(F)(F)F)cc2)CC1)N1CCC1,False,-1.54368653487132
951,CN(C)C(=O)OCCN1CCC(c2c[nH]c3ncccc23)CC1,False,-1.54368653487132
956,Cc1cnc(NCc2ccccc2-n2ccnc2)nc1N(C)C,False,-1.54368653487132
965,CC(C)(C)n1ncc(C(=O)N2CCCn3ncnc32)c1C(F)(F)F,False,-1.54368653487132
974,Cc1cn(CCN2CCN(c3ccccc3-c3cc(C#N)cc(C(=O)NCCCN4CCCC4)c3)CC2)c2ccccc12,False,-1.54368653487132
977,O=C(c1ccc(F)c(F)c1)N1CCN(C(=O)c2nc(Cl)ccc2Cl)CC1,False,-1.54368653487132
982,O=c1c(-n2ccnn2)c[nH]n1-c1cc(N2CCOCC2)ncn1,False,-1.54368653487132
986,O=C(c1ccccc1)N1CCN2C(=O)N(Cc3ccccc3)C(=O)[C@H]2C1,False,-1.54368653487132
1525,CN(C)c1ccc(C(=O)N2CCN3C(=O)N(Cc4ccccc4)C(=O)[C@H]3C2)cc1,False,-1.54368653487132
994,Cc1noc2ncc(C(=O)Nc3nc(C4CC4)cs3)cc12,False,-1.54368653487132
1571,Cc1nn(-c2ccc(F)cc2)c2ncc(C(=O)Nc3nc(C4CC4)cs3)cc12,True,-1.54368653487132
1000,CCN1C(=O)CC[C@H](C(=O)N2CCc3cc(F)cc(C)c3C2)[C@H]1c1ccncc1,False,-1.54368653487132
1003,CC(=O)N(c1ccc(C)cc1)c1nc(Cn2ccnc2)cs1,False,-1.54368653487132
1009,N#Cc1ccccc1N1CCC(N)CC1,False,-1.54368653487132
1029,CCOc1ccccc1CNCCc1c[nH]c2ccccc12,False,-1.54368653487132
1011,Fc1cccc(Cl)c1CNCCc1c[nH]c2ccccc12,False,-1.54368653487132
1389,CCOc1cccc(CNCCc2c[nH]c3ccccc23)c1,False,-1.54368653487132
1014,CC(=O)N1CCc2ccc(N(C(=O)/C=C/c3cccc(C#N)c3)C3CCN(CCC4CCCC4)CC3)cc21,True,-1.54368653487132
1024,Cn1cc(C(=O)NCCc2c[nH]c3ccccc23)c(-c2cccnc2)n1,False,-1.54368653487132
2087,Cn1cc(C(=O)O)c(-c2cccnc2)n1,False,-1.54368653487132
1035,O=C(c1cnc(-c2ccccc2)s1)N1CCOC2(CCCC2)C1,False,-1.54368653487132
2002,Cc1cc(OCc2cc(C#N)ccc2F)ccc1N,False,-1.54368653487132
1764,CN(CCC#N)Cc1cc(C#N)ccc1F,False,-1.54368653487132
1045,CN(CC(=O)N(C)C)Cc1cc(C#N)ccc1F,False,-1.54368653487132
1060,Cc1nccc(C2(C)CCN(CC(N)=O)CC2)n1,False,-1.54368653487132
1063,Cc1csc(N2CCN(Cc3ccc(OCC(F)(F)F)nc3)CC2)n1,False,-1.54368653487132
1073,Cc1ccc(-n2cc(C(=O)NCCN(C)C)nn2)cc1C,False,-1.54368653487132
1581,CCCCN(C)C(=O)c1cn(-c2ccc(C)c(C)c2)nn1,True,-1.54368653487132
1084,CNC(=O)c1cc(C2CCN(C)CC2)ncn1,False,-1.54368653487132
1087,Cc1cccc(N2CCN(C(=O)c3cncnc3C(C)C)CC2)c1,False,-1.54368653487132
1090,CC1(C)CCN(C(=O)NCCOc2cccnc2)C1,False,-1.54368653487132
1094,CCC(Nc1cnn(C)c1)c1ccc2c(c1)OCCO2,False,-1.54368653487132
1100,CN1CCN(c2ccc(NC(=O)c3ccc(S(=O)(=O)N4CCCc5ccccc54)cc3)cc2)CC1,False,-1.54368653487132
1107,CO[C@H]1CC[C@@H](C(=O)c2ccc3nc4c(cc3c2)CCCO4)CC1,False,-1.54368653487132
1110,CCNC(=O)c1ccc(-c2cc(C)cc(OC)c2OC)nc1,False,-1.54368653487132
1120,CCc1cnc(CNC(=O)N2CCC(n3cncn3)CC2)s1,False,-1.54368653487132
1121,C#CCOc1ccc(C(=O)NN2CCCC2=O)cc1,False,-1.54368653487132
1129,O=C1NCC2(C/C=C/CCOc3ccccc31)CCN(C(=O)c1ccc3[nH]nnc3c1)CC2,False,-1.54368653487132
1408,Cc1noc(CCNc2ncnc3ccccc23)n1,False,-1.54368653487132
1135,CN(C)C(C)(C)CNc1ncnc2ccccc12,False,-1.54368653487132
1145,CC(C)c1cnc(COc2ccc(Br)nc2)o1,False,-1.54368653487132
1151,COc1ccc(CN2CCc3nc(-c4cccnc4)nc(O)c3C2)c(C)c1C,True,-1.54368653487132
1153,Cc1c(C(=O)N2CCC(C(=O)Nc3ccc4c(c3)OCO4)CC2)oc2c(F)cccc12,False,-1.54368653487132
1156,Cc1cc(C(=O)NCCC2=CSC3=NCCCN23)c2cccc(C)c2n1,False,-1.54368653487132
1158,CN(C)c1cnn(CCC(C#N)(c2ccccc2)c2ccccc2)c(=O)c1,False,-1.54368653487132
1163,COc1ccc(CNC(=O)c2cc(-c3cncc(C)c3)ncc2-c2nccs2)nc1OC,True,-1.54368653487132
1167,O[C@@H]1CCCC[C@H]1N1CCC(c2ccccc2)CC1,False,-1.54368653487132
1171,Cn1nccc1CC1CCN(C2CCCC2)CC1,False,-1.54368653487132
1174,CC(=O)Nc1cnn(CC2CCN(C)CC2)c1,False,-1.54368653487132
1180,Cn1cc(CN2CCN(c3ccccc3O)CC2)c(-c2ccncc2)n1,False,-1.54368653487132
1184,CN1CCC(OC(=O)Nc2ccc(Cl)c(Cl)c2)CC1,False,-1.54368653487132
1189,C[C@@H](/C=C\C(F)(F)F)Oc1cc(-c2cc(-c3cc(CN(C)C)cs3)cnc2N)ccc1C(N)=O,False,-1.54368653487132
2101,Cc1nnc(-c2ccccc2-c2c[nH]nc2C)s1,False,-1.54368653487132
1191,Cc1nnc(-c2ccccc2-c2ccc(O)cc2)s1,False,-1.54368653487132
1207,COc1ccc(OC)c(S(=O)(=O)Nc2cccc(CCc3ccccn3)c2)c1,False,-1.54368653487132
1210,Nc1nc(CN2CCN(c3ccc(F)cc3)CC2)cs1,False,-1.54368653487132
1218,Clc1ccc(C2(c3ccc(-c4cn[nH]c4)cc3)CCNCC2)cc1,False,-1.54368653487132
1226,Cc1ccc(-c2cnc(N)cn2)c2cccnc12,False,-1.54368653487132
1232,CC(C)c1nc(CCn2ccnc2-c2ccoc2)cs1,False,-1.54368653487132
1239,O=C1N[C@@H]2CCN(C(=O)c3ccc(-c4ccccc4)cc3)[C@@H]2C(=O)N1c1ccc(F)cc1,False,-1.54368653487132
1250,Cc1nc2cc(-c3nccn3C)nn2c(NCc2cccnc2)c1C,False,-1.54368653487132
1254,COc1cccc(-c2ccc(C(=O)N(C)Cc3c(C)nn(C(C)C)c3C)o2)c1,False,-1.54368653487132
1257,COc1cc2c(cc1NC(C)=O)oc1ccccc12,False,-1.54368653487132
1260,Cn1ncnc1COc1nn2c(-c3c(F)cccc3F)nnc2cc1C1CCC1,False,-1.54368653487132
1266,Nc1nc(N)c2c(Cl)c(Br)ccc2n1,False,-1.54368653487132
1273,CC(C)c1ccc2c(c1)[C@H](NC(=O)Cn1ccnn1)CCC2,False,-1.54368653487132
1277,Cc1ccc(-c2ccnc(N3C[C@@H](C)NC[C@@H]3C)n2)c(C)n1,False,-1.54368653487132
1434,Cc1ccc(-n2cc[nH]c(=O)c2=O)cc1,False,-1.54368653487132
1283,Cc1ccccc1-n1cc[nH]c(=O)c1=O,False,-1.54368653487132
1290,Cc1ccc(C(=O)NC[C@H]2Cn3ccnc3CO2)cc1,False,-1.54368653487132
1969,CNc1cc(CC2CCNCC2)ncn1,False,-1.54368653487132
1301,CCn1nccc1-c1cc(CC2CCNCC2)ncn1,False,-1.54368653487132
1307,CCCn1ncc2[nH]c(C3CCCCC3)nc21,False,-1.54368653487132
1314,CC(C(O)c1ccc(O)cc1)N1CCC(Cc2ccccc2)CC1,False,-1.54368653487132
1323,CC(C)c1cc(N2CCc3[nH]nc(C4CC4)c3C2)n2nccc2n1,False,-1.54368653487132
1336,CC1(C)CN(C(=O)C2(C(=O)N3CC(C)(C)C3(C)C)CCC2)C1(C)C,False,-1.54368653487132
1345,CCCc1nnc(NCc2cn3ccc(C)cc3n2)o1,False,-1.54368653487132
1349,Cc1nc(-c2cnn(C)c2-c2ccc(C(F)(F)F)cn2)c2c(N3CCC3)ncnn12,False,-1.54368653487132
1351,CN(C)c1cccc(Cn2ccnc2-c2ccc(O)cc2)c1,False,-1.54368653487132
1356,CCN(C(=O)N1CCC(CC(=O)N2CCN(C)CC2)CC1)C(C)C,False,-1.54368653487132
1390,CCN(C(=O)N1CCC(OC2CCOCC2)CC1)C(C)C,False,-1.54368653487132
1370,CC(C)CN1CC[C@H](c2nc3ccc(C#N)cc3[nH]2)C1,False,-1.54368653487132
1372,N#Cc1ccc2nc([C@H]3CCN(C4CCC4)C3)[nH]c2c1,False,-1.54368653487132
1380,Cc1cc(C)nc(NCc2cnc(C)c(C)c2)n1,False,-1.54368653487132
1394,Cn1cc(C(=O)O)c(C2CCCCC2)n1,False,-1.54368653487132
1401,Cc1cnc(CNCc2cccc3c2OCO3)s1,False,-1.54368653487132
1409,Cc1c(-c2ccccc2)oc2c(C(=O)NCCCN3CCCCC3)cccc2c1=O,False,-1.54368653487132
1475,COc1ccc(CC(=O)N2CCc3[nH]c4ccc(Cl)cc4c3C2)cc1OC,True,-1.54368653487132
1420,Cc1noc(C)c1CC(=O)N1CCc2[nH]c3ccc(Br)cc3c2C1,True,-1.54368653487132
1425,CN(C)c1ccc(-c2ccc(COCc3cccs3)cc2)nn1,True,-1.54368653487132
1429,Cc1cc(C(=O)NC2CCN(C(=O)c3cc(C)sc3C)CC2)no1,False,-1.54368653487132
1437,c1ccc(CN2CCn3nccc3C2)cc1,False,-1.54368653487132
1442,CC(C)c1cc(CN(C)Cc2c[nH]nc2-c2ccc(F)cc2)no1,False,-1.54368653487132
1447,Cc1ccc2c(c1)C(=O)CC1(CCN(C(=O)c3ccc4nc(C)cc(O)c4c3)CC1)O2,False,-1.54368653487132
1454,Cn1c(C(=O)N2CCN(CCc3ccccc3)C(=O)C2)cc(=O)n(C)c1=O,False,-1.54368653487132
1465,O=C(/C=C\n1cnc(-c2cc(C(F)(F)F)cc(C(F)(F)F)c2)n1)NNc1cnccn1,False,-1.54368653487132
1469,CNC(=O)c1ccc2c(c1)CCO[C@H]2CCN1CCN(c2ccc(C(N)=O)cc2)CC1,False,-1.54368653487132
1478,Cc1ncc(C(=O)Nc2ncnc3oc(C)c(C)c23)s1,False,-1.54368653487132
1488,O=C(Nc1ccc2c3c(cccc13)CC2)c1ccnc(-n2cncn2)c1,False,-1.54368653487132
1921,O=C(Nc1ccc2c3c(cccc13)CC2)c1ccc(-n2cncn2)cc1,True,-1.54368653487132
1500,Cc1cc(C)c(-n2cccn2)c(-c2cn(C[C@@H]3CCCO3)nn2)c1,False,-1.54368653487132
1504,COCC1(c2nc(-c3ccncc3)nn2Cc2cccc(Cl)c2)CC1,False,-1.54368653487132
1511,CN(C)C(=O)COC(=O)Cc1ccc(OC(=O)c2ccc(NC(=N)N)cc2)cc1,False,-1.54368653487132
1523,O=C(c1ccccc1-c1ncc(-c2ccccc2F)o1)N1CCC1,False,-1.54368653487132
1537,Cc1cnc(-n2cnnc2)c(-c2cccc(Cl)c2Cl)c1,False,-1.54368653487132
1542,CSc1ccc(CN(CCO)C(=O)CCc2cccc(F)c2)cc1,False,-1.54368653487132
1683,Cc1cccc(COc2cccc(/C=C3\C(=O)NN(c4ccccc4)C3=O)c2)c1,True,-1.54368653487132
1548,COc1cc(C=C2C(=O)NN(c3ccccc3)C2=O)ccc1OCC(N)=O,False,-1.54368653487132
1557,Cc1nc(-c2ccc(C)c(O)c2)n(C(C)(C)C)n1,False,-1.54368653487132
1562,CN1C(=O)CCc2cc(NC(=O)C(C)(C)c3ccccc3F)ccc21,False,-1.54368653487132
1605,CCOc1cccc(C(=O)Nc2ccc3c(c2)CCC(=O)N3C)c1,True,-1.54368653487132
1584,O=C(Nc1ccccc1-c1cn2c(CN3CCNCC3)csc2n1)c1cnc2ccccc2n1,True,-1.54368653487132
1824,Cc1nc(-c2cccnc2)sc1C(=O)Nc1ccccc1-c1cn2c(CN3CCOCC3)csc2n1,True,-1.54368653487132
1591,COc1cc(CCNC(=O)c2nc3cccc(C)n3c2F)cc(OC)c1,False,-1.54368653487132
1600,CN1C(=O)[C@@H](NC(=O)c2nnc(Cc3ccccc3)[nH]2)COc2ccccc21,False,-1.54368653487132
1602,C=C(C)COc1ccc(C(=O)NCCc2cn3ccccc3n2)cc1,False,-1.54368653487132
1606,COCCN(Cc1cccs1)Cc1cccc(C)c1O,True,-1.54368653487132
1612,O=C(O)c1cc(Cl)cc2cccnc12,False,-1.54368653487132
1619,CC(C)N1CC[C@H](c2nnc(-c3cncn3C)o2)C1,False,-1.54368653487132
1621,CCc1cc2c(Nc3cnn(CC)c3)ncnc2s1,False,-1.54368653487132
1675,CN(c1ncccc1CNc1nc(Nc2ccc3c(c2)CC(=O)N3)ncc1C(F)(F)F)S(C)(=O)=O,False,-1.54368653487132
1726,CNC(=O)c1ccc(Nc2ncc(C(F)(F)F)c(NCc3nccnc3N(C)S(C)(=O)=O)n2)cc1,True,-1.54368653487132
1638,CS(=O)(=O)c1cccc(CNc2nc(Nc3ccc4c(c3)CCC(=O)N4)ncc2C(F)(F)F)c1,True,-1.54368653487132
1649,Cc1ccsc1-c1nc(CN(C)CCc2cn[nH]c2)c(C)o1,False,-1.54368653487132
1654,Fc1ccc(-c2cc(C3CCNCC3)ccn2)cc1,False,-1.54368653487132
1657,CCN1CCN(c2ccc(NC(=O)c3ncoc3-c3ccc4ccccc4c3)cc2)CC1,True,-1.54368653487132
1874,NC(=O)c1ccc(N2CCCCC2)c(NC(=O)c2ncoc2-c2ccc3ccccc3c2)c1,True,-1.54368653487132
2100,COc1cccc(-c2ocnc2C(=O)Nc2ccc(-c3ccc(C)o3)cc2)c1,True,-1.54368653487132
1910,Cc1ccc(-c2ccc(NC(=O)c3ncoc3-c3ccccc3)cc2)o1,True,-1.54368653487132
1679,Cc1nn(C)c2nc(C(C)C)cc(C(=O)O)c12,False,-1.54368653487132
1688,CCC(=O)N1CCCC(C(=O)N2CCc3c(Cl)cc(Cl)cc3C2C)C1,False,-1.54368653487132
1703,CC(C)c1ccc(NC(=O)c2ccc3nccnc3c2)cc1,True,-1.54368653487132
1714,N#CC1(NC(=O)C2CCCCCC2)CC1,False,-1.54368653487132
1718,Cc1nc2cc(C(=O)N3CCc4nc5ccccc5c(=O)n4CC3)ccc2n1C,False,-1.54368653487132
1723,Cc1ccc(-c2nnc(SCCn3cccn3)[nH]2)cc1,False,-1.54368653487132
1770,O=C(Nc1cc(Cl)ccc1Cl)c1cccc(N2CCCC2=O)c1,False,-1.54368653487132
1731,O=C(Nc1cccc(Cl)c1F)c1cccc(N2CCCC2=O)c1,True,-1.54368653487132
1742,CCN(Cc1nc2cc(Cl)ccc2c(=O)[nH]1)C(=O)COc1ccccc1Cc1ccccc1,True,-1.54368653487132
1747,COc1ccc(N)cc1N1CCOC1=O,False,-1.54368653487132
1758,c1nc(Nc2ccc3c(c2)OCCCO3)c2sccc2n1,False,-1.54368653487132
1761,COCc1ccc(-c2nc3c([nH]2)c(C)nn3C2CCCCC2)o1,False,-1.54368653487132
1768,CC(=O)N1c2ccccc2C[C@H]1C(=O)O,False,-1.54368653487132
1774,COc1ccc(CN(C)c2ncncc2Br)cc1O,False,-1.54368653487132
1778,COc1ccc(CCCNc2nnc(C)o2)cc1,False,-1.54368653487132
1782,COc1ccc([C@H]2c3[nH]c4ccc(Cl)cc4c3CCN2C(=O)Oc2ccc(Cl)cc2)cc1,True,-1.54368653487132
1789,O=C1Nc2ccc(Cl)cc2[C@@](C#CC2CC2)(C(F)(F)F)O1,False,-1.54368653487132
1792,COc1ccc(-c2nn3c(-c4ccco4)nnc3c3ccccc23)cc1,True,-1.54368653487132
2080,c1ccc(-c2nn3c(-c4ccco4)nnc3c3ccccc23)cc1,True,-1.54368653487132
1797,O=C1N=C(N2CCN(c3ccccc3)CC2)S/C1=C\c1ccc(O)cc1O,True,-1.54368653487132
1798,O=C1N=C(N2CCCCN2)S/C1=C\c1ccc(F)cc1O,True,-1.54368653487132
1803,Nc1nc2c3ccccc3oc2c2ccccc12,True,-1.54368653487132
1806,Nc1nc(N)c2c(OCC3CCN(Cc4c(Cl)cccc4Cl)CC3)cccc2n1,True,-1.54368653487132
1809,CC(C)OC(=O)N1CCC(Oc2ncnc3c2cnn3-c2ccc(S(C)(=O)=O)cc2F)CC1,True,-1.54368653487132
1980,C=CCN(c1ccc(C(=O)OC)cc1)S(=O)(=O)c1ccccc1,True,-1.54368653487132
1899,CCN(c1ccc(C(C)C)cc1)S(=O)(=O)c1ccccc1,True,-1.54368653487132
2004,CCN(c1ccccc1)S(=O)(=O)c1ccc(C(F)(F)F)cc1,True,-1.54368653487132
1813,CCN(c1ccccc1)S(=O)(=O)c1ccc(C(=O)Nc2ccccc2C(C)=O)cc1,True,-1.54368653487132
1836,Cc1ccc(C(N)=O)c(OCc2c(Cl)ccc3cccnc23)c1,True,-1.54368653487132
1843,O=C(/C=C/N1C[C@H]2C[C@@H]1CN2c1ccccn1)c1ccccc1O,False,-1.54368653487132
1851,CCOC(=O)c1ccc(OCC(=O)c2c[nH]c3ccccc23)cc1,True,-1.54368653487132
1853,COc1cc2c(cc1OC)-c1[nH]nc(NCc3c(Cl)cccc3Cl)c1C2=O,True,-1.54368653487132
1858,Clc1cc2c(NC3CCCC3)nnc(-c3ccncc3)c2cc1Cl,True,-1.54368653487132
1863,CS(=O)(=O)N1CCc2cc(C(=O)NCCOc3ccc4ccccc4c3)ccc21,True,-1.54368653487132
1869,COc1ccc(OCc2nn3c(-c4ccc(OC)cc4)nnc3s2)cc1,True,-1.54368653487132
1881,Cc1cn2c3c(=O)n(Cc4ccccc4Cl)c(=O)n(C)c3nc2n1-c1ccccc1O,True,-1.54368653487132
1873,Cc1ccccc1Cn1c(=O)c2c(nc3n(-c4ccccc4O)c(C)cn23)n(C)c1=O,True,-1.54368653487132
1879,Fc1ccc(-n2cc(/C=C/c3ccnnc3)nn2)cc1Cl,True,-1.54368653487132
1885,CC(C)COc1cc(F)cc(-c2cncc(C(=O)N3CCCC3)n2)c1,True,-1.54368653487132
1893,COc1ccc(-c2[nH]c3ncccc3c2CN(C)CCOc2ccccc2OC)cc1,True,-1.54368653487132
1895,CCOc1ccc(S(=O)(=O)N(CC)CC(=O)Nc2ccc3c(c2)OCO3)cc1,True,-1.54368653487132
2009,NC(=O)Cn1c2ccccc2c2nc3ccccc3nc21,True,-1.54368653487132
1898,Cc1ccc2c(c1)c1nc3ccccc3nc1n2CC(N)=O,True,-1.54368653487132
1905,Cc1cc(NC(=O)N2Cc3cc4c(cc3C3(CCCC3)C2)OCCO4)no1,True,-1.54368653487132
1914,Cc1ccc(C(=O)COC(=O)c2cc(O)nc3ccccc23)cc1,True,-1.54368653487132
2122,CCC(C)(C)c1ccc(Oc2ccc(NC(=O)Nc3ccccc3OC)cc2)cc1,True,-1.54368653487132
1927,CCC(C)(C)c1ccc(Oc2ccc(NC(=O)CSc3cccc[n+]3[O-])cc2)cc1,True,-1.54368653487132
1932,N#Cc1cc2c(nc1SCc1cccnc1)CCCCCC2,True,-1.54368653487132
1940,COCc1cccc(NC(=O)c2cn(C)c3ccccc23)c1,True,-1.54368653487132
1947,c1cncc(-c2ccnn2CN2CCOCC2)c1,False,-1.54368653487132
1949,COc1cc(/C=C/c2nccc(C#N)n2)ccc1F,True,-1.54368653487132
1953,CCn1c(=O)c2cc(OC)c(OC)cc2n(Cc2ccc(Cl)cc2)c1=O,True,-1.54368653487132
1956,N#Cc1ncn(Cc2ncc(-c3ccccc3)s2)c1C#N,False,-1.54368653487132
1960,O=c1[nH]c2cc3ccccc3c(=O)n2c2sc3c(c12)CCCC3,False,-1.54368653487132
2170,CC(C)(C)Cc1nnc(-c2cnc3onc(C4CCCC4)c3c2)o1,True,-1.54368653487132
1965,Cc1noc2ncc(-c3nnc(CC(C)(C)C)o3)cc12,False,-1.54368653487132
1970,CCCCCCCCc1ccc2c(c1)CC[C@@H](C(N)(CO)CO)C2,True,-1.54368653487132
1975,O=C(O)c1ccc(COc2ccc(/C=C3\SC(=O)N(Cc4ccc(F)cc4)C3=O)cc2)cc1,True,-1.54368653487132
1983,Cc1ccc(S(=O)(=O)NC(=O)c2c(C)cc3n2CCn2c(C)ccc2-3)cc1,False,-1.54368653487132
1986,CC(=O)c1c(C)n(S(=O)(=O)c2ccc(C)cc2)c2ccc(NS(=O)(=O)c3ccc(C)cc3)cc12,True,-1.54368653487132
1989,O=C(O)c1c(O)c(Cc2ccc(Cl)cc2)nc2c3c(ccc12)CCCC3,True,-1.54368653487132
1995,Cc1ccc(/C(N)=N/OC(=O)c2ccc3c(c2)OCCO3)cc1,True,-1.54368653487132
1997,Nc1nc2c(N)ncnc2[nH]1,False,-1.54368653487132
2005,O=C(CNC(=O)c1ccc(Cl)cc1)Nc1nc(-c2ccc3ccccc3c2)cs1,True,-1.54368653487132
2010,Cc1cc(C)cc(NC(=O)COC(=O)c2nn(C)c(=O)c3ccccc23)c1,True,-1.54368653487132
2014,CN(C)S(=O)(=O)N(C1CCCC1)C1CC1,False,-1.54368653487132
2019,COc1cccc2c1Oc1nc(-c3ccccc3)[nH]c(=S)c1C2,True,-1.54368653487132
2021,Cc1cccc2c1Oc1nc(-c3ccccc3)[nH]c(=S)c1C2,True,-1.54368653487132
2025,CCc1cc2c(N3CCN(Cc4nccn4C)CC3)ncnc2s1,False,-1.54368653487132
2029,CCc1cccc(NC(=O)COC(=O)c2cnc(C)cn2)c1,False,-1.54368653487132
2033,O=C(Nc1ccn(-c2ncccc2Cl)n1)c1csnn1,False,-1.54368653487132
2039,CC(C)(C)c1cc(NC(=O)Nc2ccc(-c3cn4c(n3)sc3cc(OCCN5CCOCC5)ccc34)cc2)no1,True,-1.54368653487132
2048,Cn1cc(-c2nc(C(F)(F)F)c[nH]2)cn1,False,-1.54368653487132
2053,O=C(c1cc(-c2ccccc2)[nH]n1)N1CCc2ccccc21,True,-1.54368653487132
2058,N#C/C(=C\c1ccc(O)c(O)c1)C(=O)NCc1ccccc1,False,-1.54368653487132
2072,c1cnn(-c2ccc(-c3ccc(NC4CC4)nn3)cc2)c1,True,-1.54368653487132
2077,CCCc1n[nH]c2c1C(C1CC=CCC1)C(C#N)=C(N)O2,True,-1.54368653487132
2082,O=C(c1cc(Oc2cccc(F)c2)nc2ccccc12)N1CCOCC1,False,-1.54368653487132
2090,Cc1cccc(Cl)c1-n1c(C)n[nH]c1=O,False,-1.54368653487132
2092,CC(C)CC(=O)Nc1ccc(Cl)c(C#N)c1,False,-1.54368653487132
2102,NC(=O)c1sc2cc(F)ccc2c1Cl,True,-1.54368653487132
2106,O=S(=O)(NCC1C2CC3CC(C2)CC1C3)C1CCOCC1,False,-1.54368653487132
2109,CCC1=Nc2c(cnn2-c2cccc(Cl)c2)C2=NCCCN12,False,-1.54368653487132
2113,O=c1c(N2CCCC2)c(Cl)cnn1-c1ccccc1,False,-1.54368653487132
2125,O=C(CCn1cc(Br)cn1)Nc1nc2ccccc2n1CCN1CCOCC1,False,-1.54368653487132
2136,CN(Cc1cnccn1)C(=O)c1cc(-c2ccc(F)cc2)on1,False,-1.54368653487132
2143,N#CCCn1nc(C(F)(F)F)cc1O,False,-1.54368653487132
2147,Cc1ccccc1N1C(=O)c2ccc(C(=O)NC(C)(C)C)cc2C1=O,False,-1.54368653487132
2160,CC(C)(C)C(=O)Nc1sc2c(c1C#N)CCC2,True,-1.54368653487132
2165,C[C@@H](c1ccc(F)cc1)n1nnc2cnc3ccc(-c4ccc5ocnc5c4)cc3c21,True,-1.54368653487132
2169,CCc1noc(COc2c(C)ccnc2Cl)n1,False,-1.54368653487132
